{
    "{{!_Disable}}": "! Disable",
    "{{ADD}}": "ADD",
    "{{API_user}}": "API user",
    "{{API}}": "API",
    "{{Accepts_files_mime_type}}": "Accepts files (mime-type)",
    "{{Access_inside_cycles_to_read}}": "Access inside cycles to read",
    "{{Access_inside_the_cycles_to_write}}": "Access inside the cycles to write",
    "{{Access_to_users_cycles}}": "Access to users cycles",
    "{{Access}}": "Access",
    "{{Action_available_on_viewing}}": "Action available on viewing",
    "{{Action_code_in_p}}": "Action code",
    "{{Action_in_log}}": "Action",
    "{{Action}}": "Action",
    "{{Activate_from}}": "Activate from",
    "{{Active_from}}": "Active from",
    "{{Active}}": "Active",
    "{{Actuality_of_field_settings}}": "Actuality of field settings",
    "{{Actuality}}": "Actuality",
    "{{Add_Change}}": "Add\/Change",
    "{{Add_calculation_tables}}": "Add calculation tables",
    "{{Add_change}}": "Add\/change",
    "{{Add_tables_by_name}}": "Add tables by name",
    "{{Add_tables_by_title}}": "Add tables by title",
    "{{Add_tables_inside_the_cycle?}}": "Add tables inside the cycle?",
    "{{Add_versions_of_cycle_tables_used_in_cycles?}}": "Add versions of cycle tables used in cycles?",
    "{{Adding_a_version}}": "Adding a version",
    "{{Adding_is_available_for_roles}}": "Adding is available for roles",
    "{{Adding_rows}}": "Adding rows",
    "{{Adding_updating_data}}": "Adding\/updating data",
    "{{Adding}}": "Adding",
    "{{Add}}": "Add",
    "{{Admin_notifications}}": "Admin notifications",
    "{{All_Roles}}": "All Roles",
    "{{All_access_users}}": "All access users",
    "{{All_in_p_d}}": "All",
    "{{All_in_p}}": "All (*ALL*)",
    "{{Allow_click_on_read_only}}": "Allow click on read only",
    "{{Anchor}}": "Anchor",
    "{{Another_placement}}": "Another placement",
    "{{Apr}}": "Apr",
    "{{Are_you_sure?}}": "Are you sure?",
    "{{Are_you_sure_about_uploading?}}": "Are you sure about uploading?",
    "{{Are_you_sure_to_change_it}}": "Are you sure to change it?",
    "{{Aug}}": "Aug",
    "{{Authorization_time}}": "Authorization time",
    "{{Authorizations}}": "Authorizations",
    "{{Auto_recalculation_by_default}}": "Auto recalculation by default",
    "{{Automatic_recalculation}}": "Automatic recalculation",
    "{{BY_DEFAULT}}": "BY DEFAULT",
    "{{Bar_chart}}": "Bar chart",
    "{{Bar_with_a_linear}}": "Bar with a linear",
    "{{Bar_with_accumulation}}": "Bar with accumulation",
    "{{Bar_with_two_axes}}": "Bar with two axes",
    "{{BaseField_different_from_id}}": "BaseField different from id",
    "{{Base_version}}": "Base version",
    "{{Block_in_forms}}": "Block",
    "{{Blocking_in_autoriz}}": "Blocking",
    "{{Blocking_time}}": "Blocking time",
    "{{Block}}": "Block",
    "{{Border}}": "Border",
    "{{Boss}}": "Boss",
    "{{Branch}}": "Branch",
    "{{Button_in_p}}": "Button",
    "{{Button_text_in_p}}": "Button text",
    "{{By_default}}": "By default",
    "{{CHANGE_NAME}}": "CHANGE NAME",
    "{{CHANGE}}": "CHANGE",
    "{{CHECK}}": "CHECK",
    "{{CORE_Fields_settings_of_the_Tables_Fields}}": "CORE: Fields settings of the Tables Fields",
    "{{CORE_Table_and_fields_data_from_the_Tables}}": "CORE: Table and fields data from the Tables",
    "{{CORE_Tables_fields_settings}}": "CORE: Tables fields settings",
    "{{CORE_setting_fields_of_Tables_Fields}}": "CORE: setting fields of Tables Fields",
    "{{CORE_setting_the_fields_of_the_Tables}}": "CORE: setting the fields of the Tables",
    "{{CORE_table_and_fields_data_from_Tables}}": "CORE: table and fields data from Tables",
    "{{CREATE_AN_EXPORT}}": "CREATE AN EXPORT",
    "{{CREATE_BY_CURRENT_SETTINGS}}": "CREATE BY CURRENT SETTINGS",
    "{{CREATE_DOWNLOAD}}": "CREATE DOWNLOAD",
    "{{CSS}}": "CSS",
    "{{Calculated_in_cycle}}": "Calculated in cycle",
    "{{Calculated_in_tree}}": "Calculated in tree",
    "{{Calculation_order_in_tree}}": "Calculation order in tree",
    "{{Call_user}}": "Call user",
    "{{Cannot_add_a_field_for_a_calculation_table_in_cycle_without_a_version}}": "Cannot add a field for a calculation table in cycle without a version",
    "{{Cannot_add_a_field_with_version_for_a_table_not_in_a_cycle}}": "Cannot add a field with version for a table not in a cycle",
    "{{Categories_assigned}}": "Categories assigned",
    "{{Categories}}": "Categories",
    "{{Category_replacements}}": "Category replacements",
    "{{Category}}": "Category",
    "{{Change_and_add}}": "Change and add",
    "{{Change_email}}": "Change email",
    "{{Change_field_NAME}}": "Change field NAME",
    "{{Change_fields_list}}": "Change fields list",
    "{{Change_in_export}}": "Change",
    "{{Change_in_logs}}": "Change",
    "{{Change_password}}": "Change password",
    "{{Change_time}}": "Change time",
    "{{Changing_field_name}}": "Changing field name",
    "{{Changing_the_list_of_downloadable_table_data_fields}}": "Changing the list of downloadable table data fields",
    "{{Changing_the_list_of_downloadable_table_fields}}": "Changing the list of downloadable table fields",
    "{{Changing_the_list_of_downloadable_table_settings}}": "Changing the list of downloadable table settings",
    "{{Changing_the_list_of_exporting_table_fields}}": "Changing the list of exporting table fields",
    "{{Changing_the_list_of_extractable_table_fields}}": "Changing the list of downloadable table fields",
    "{{Changing_the_list_of_loadable_table_fields}}": "Changing the list of loadable table fields",
    "{{Changing_the_list_of_uploadable_table_settings}}": "Changing the list of uploadable table settings",
    "{{Changing_the_list_of_uploaded_data_of_system_tables}}": "Changing the list of uploaded data of system tables",
    "{{Changing_tree_links}}": "Changing tree links",
    "{{Changing_your_email}}": "Changing your email",
    "{{Changing_your_password}}": "Changing your password",
    "{{Chart_in_p}}": "Chart",
    "{{Chart_settings}}": "Chart settings",
    "{{Chart_type_in_p}}": "Chart type",
    "{{Charts}}": "Charts",
    "{{Check_Select_values_on_server}}": "Check Select values on server",
    "{{Checkbox_in_p}}": "Checkbox",
    "{{Check}}": "Check",
    "{{Click_here_to_disable_the_admin_interface}}": "Click here to disable the admin interface",
    "{{Close_the_window_after_execution}}": "Close the window after execution",
    "{{Code_format}}": "Code format",
    "{{Code_in_crons}}": "Code",
    "{{Code_in_export}}": "Code",
    "{{Code_in_params}}": "Code",
    "{{Code_name}}": "Code name",
    "{{Code_when_duplicating_from_the_web_interface}}": "Code when duplicating from the web interface",
    "{{Code}}": "Code",
    "{{Column-by-column_recalculation}}": "Column-by-column recalculation",
    "{{Column_width_when_rotated}}": "Column width when rotated",
    "{{Column}}": "Column",
    "{{Comments_in_p}}": "Comments",
    "{{Conditional_cell_formatting}}": "Conditional cell formatting",
    "{{Configuring_panel_view}}": "Configuring panel view",
    "{{Context_panel_width}}": "Context panel width",
    "{{Copy_values_when_duplicating}}": "Copy values when duplicating",
    "{{Create_by_current_settings}}": "Create by current settings",
    "{{Create_download_file}}": "Create download file",
    "{{Create_new}}": "==Create new==",
    "{{Create_update}}": "Create update",
    "{{Creator}}": "Creator",
    "{{Crones}}": "Crones",
    "{{Current_window}}": "Current window",
    "{{Customizing_panel_table_view}}": "Customizing panel table view",
    "{{Cycle_id}}": "Cycle id",
    "{{Cycles_table}}": "Cycles table",
    "{{Cycles_with_this_version_of_the_table_exist_Move_the_tables_to_the_new_version}}": "Cycles with this version of the table exist. Move the tables to the new version",
    "{{Cycles}}": "Cycles",
    "{{Cycle}}": "Cycle",
    "{{DATA}}": "DATA",
    "{{Data_1}}": "Data 1",
    "{{Data_2}}": "Data 2",
    "{{Data_3_right_axis}}": "Data 3 (right axis)",
    "{{Data_3}}": "Data 3",
    "{{Data_for_charts}}": "Data_for_charts",
    "{{Data_in_p}}": "Data",
    "{{Date_Time}}": "Date-Time",
    "{{Date_from}}": "Date from",
    "{{Date_in_p}}": "Date",
    "{{Date_time_interface_output_format}}": "Date\/time interface output format",
    "{{Date_to}}": "Date to",
    "{{Dates_format}}": "Dates format",
    "{{Date}}": "Date",
    "{{Days_of_month}}": "Days of month",
    "{{Decimal_places_in_p}}": "Decimal places",
    "{{Decimal_separator_in_p}}": "Decimal separator",
    "{{Decoration_color_in_p}}": "Decoration color",
    "{{Dec}}": "Dec",
    "{{Default_settings}}": "Default settings",
    "{{Default_sort}}": "Default sort",
    "{{Default_table}}": "Default table",
    "{{Default_value_in_p}}": "Default value",
    "{{Default_version}}": "Default version",
    "{{Default_width_px}}": "Default width, px",
    "{{Delete}}": "Delete",
    "{{Deleting_rows_type}}": "Deleting rows type",
    "{{Deleting}}": "Deleting",
    "{{Description_in_settings}}": "Description",
    "{{Description}}": "Description",
    "{{Disabled}}": "Disabled",
    "{{Display_for_empty_value}}": "Display for empty value",
    "{{Display_in_another_place}}": "Display in another place",
    "{{Display_path_in_the_cell}}": "Display path in the cell",
    "{{Displayed_sort}}": "Displayed sort",
    "{{Displaying_multiple_selection_in_a_cell}}": "Displaying multiple selection in a cell",
    "{{Do_not_add}}": "Do not add",
    "{{Do_not_block}}": "Do not block",
    "{{Double-click_the_left_mouse_button_to_open_the_fields_for_editing}}": "Double-click the left mouse button to open the fields for editing",
    "{{Download_all_in_p}}": "Download all",
    "{{Download_file}}": "Download file",
    "{{Download_title}}": "Download title",
    "{{Downloadable}}": "Downloadable",
    "{{Downloading_wholly}}": "Downloading wholly",
    "{{Download}}": "Download create",
    "{{Duplicate_file_on_copying}}": "Duplicate file on copying",
    "{{Duplicating_rows}}": "Duplicating rows",
    "{{Duplication_from_the_interface_is_prohibited}}": "Duplication from the interface is prohibited",
    "{{EXECUTE_CODE}}": "EXECUTE CODE",
    "{{Editable_in_API}}": "Editable in API",
    "{{Editable_in_WEB}}": "Editable in WEB",
    "{{Editing_in_API_is_available_for_roles}}": "Editing in API is available for roles",
    "{{Editing_is_available_for_roles}}": "Editing is available for roles",
    "{{Editing_when_adding_in_the_API}}": "Editing when adding in the API",
    "{{Editing_when_adding_in_the_WEB}}": "Editing when adding in the WEB",
    "{{Element}}": "Element",
    "{{Email}}": "Email",
    "{{Empty_in_p_d}}": "Empty",
    "{{Empty_in_p}}": "Empty ()",
    "{{Enable_button_in_the_addition_row}}": "Enable button in the addition row",
    "{{Enabled}}": "Enabled",
    "{{Ending_in_p}}": "Ending",
    "{{Enter_the_correct_email_in_small_letters}}": "Enter the correct email in small letters",
    "{{Enter_your_current_password}}": "Enter your current password",
    "{{Entered_data}}": "Entered data",
    "{{Error_text}}": "Error text",
    "{{Error_writing_to_the_modified_table}}": "Error writing to the modified table",
    "{{Execute_code_only_when_adding}}": "Execute code only when adding",
    "{{Execute_now}}": "Execute now",
    "{{Execute_the_action_on_adding}}": "Execute the action on adding",
    "{{Execute_the_action_on_changed}}": "Execute the action on changed",
    "{{Execute_the_action_on_click}}": "Execute the action on click",
    "{{Execute_the_action_on_deleted}}": "Execute the action on deleted",
    "{{Expected_format}}": "Expected format",
    "{{Export_description}}": "Export description",
    "{{Exported_wholly}}": "Exported wholly",
    "{{Export}}": "Export",
    "{{Extra_wide_in_p}}": "Extra wide",
    "{{FIELDS}}": "FIELDS",
    "{{FILL_ROLES}}": "FILL ROLES",
    "{{FILL_TREE}}": "FILL TREE",
    "{{Favicon}}": "Favicon",
    "{{Favorite_tables}}": "Favorite tables",
    "{{Feb}}": "Feb",
    "{{Field_NAME_only_small_Latin_letters,_numbers_and_underscore_from_3_to_30_characters}}": "Field NAME only small Latin letters, numbers and underscore from 3 to 30 characters.",
    "{{Field_NAME}}": "Field NAME",
    "{{Field_Name_in_the_rows_part}}": "Field Name in the rows part",
    "{{Field_data}}": "Field data",
    "{{Field_description}}": "Field description",
    "{{Field_filter_in_p}}": "Field filter",
    "{{Field_list}}": "Field list",
    "{{Field_name_for_bfield}}": "Field name for bfield",
    "{{Field_sets}}": "Field sets",
    "{{Field_settings}}": "Field settings",
    "{{Field_title}}": "Field title",
    "{{Field_type}}": "Field type",
    "{{Fields_calculation_time}}": "Fields calculation time",
    "{{Fields_data}}": "Fields data",
    "{{Fields}}": "Fields",
    "{{Field}}": "Field",
    "{{File_in_p}}": "File",
    "{{Filename_with_hash_at_the_end}}": "Filename with hash at the end",
    "{{File}}": "File",
    "{{Fill_in_the_categories}}": "Fill the categories",
    "{{Fill_in}}": "==Fill in==",
    "{{Fill_the_roles}}": "Fill the roles",
    "{{Fill_the_tree}}": "Fill the tree",
    "{{Filters}}": "Filters",
    "{{Folders_can_be_selected}}": "Folders can be selected",
    "{{Folder}}": "Folder",
    "{{Footer}}": "Footer",
    "{{For_all}}": "For all",
    "{{Formatting_for_tree_folders}}": "Formatting for tree folders",
    "{{Forms_TTM}}": "Forms TTM",
    "{{Forms}}": "Forms",
    "{{Frequency_of_checking_notifications}}": "Frequency of checking notifications",
    "{{Fri}}": "Fri",
    "{{From_another_table}}": "From another table",
    "{{From_end_to_root}}": "From end to root",
    "{{From_root_to_end}}": "From root to end",
    "{{From_this_table}}": "From this table",
    "{{Group_change_in_p}}": "Group change",
    "{{HTML_on_the_homepage}}": "HTML on the homepage",
    "{{HTML}}": "HTML",
    "{{Header}}": "Header",
    "{{Height}}": "Height",
    "{{Hidden_by_default}}": "Hidden by default",
    "{{Hide_Add_button}}": "Hide Add button",
    "{{Hide_Creators_APIs_and_Technical}}": "Hide Creators, APIs and Technical",
    "{{Hide_from_tree}}": "Hide from tree",
    "{{Hide_in_kanban}}": "Hide",
    "{{Hide_teh_plate}}": "Hide teh plate",
    "{{Hide}}": "Hide",
    "{{Hold_down_the_left_mouse_button_and_drag_to_scroll_through_the_wide_table}}": "Hold down the left mouse button and drag to scroll through the wide table",
    "{{Hours}}": "Hours",
    "{{Icon}}": "Icon",
    "{{Id_matching_at_startup}}": "Id matching at startup",
    "{{If_you_didn't_do_it,_delete_this_email}}": "If you didn't do it, delete this email.",
    "{{Import\/Export}}": "Import\/Export",
    "{{Import\/export}}": "Import\/export",
    "{{Important_message}}": "Important message",
    "{{Impossible_to_add}}": "Impossible to add",
    "{{In_cycle}}": "In cycle",
    "{{In_the_current_scheme}}": "In the current scheme",
    "{{In_the_cycle}}": "In the cycle",
    "{{In_the_header}}": "In the header",
    "{{Incoming}}": "Incoming",
    "{{Incorrect_login_password}}": "Incorrect login\/password",
    "{{Indexes}}": "Indexes",
    "{{Individual_calculation_for_each_row}}": "Individual calculation for each row",
    "{{Input_title_here}}": "Input field title here",
    "{{Input_validation_format_regexp}}": "Input validation format (regexp)",
    "{{Interface}}": "Interface",
    "{{Interval_in_p}}": "Interval",
    "{{Jan}}": "Jan",
    "{{Jul}}": "Jul",
    "{{Jun}}": "Jun",
    "{{Kanban_colors}}": "Kanban colors",
    "{{Kanban_field}}": "Kanban field",
    "{{Kanban_html_code}}": "Kanban html code",
    "{{Kanban_html_height}}": "Kanban html height",
    "{{Kanban_html_type}}": "Kanban html type",
    "{{Key_fields}}": "Key fields",
    "{{Label_for_the_All_option_ALL}}": "Label for the All option (*ALL*)",
    "{{Label_for_the_Empty_option}}": "Label for the Empty option ()",
    "{{Label_for_the_Nothing_in_p}}": "Label for the Nothing (*NONE*) option",
    "{{Last_activity_date}}": "Last activity date",
    "{{Last_activity}}": "Last activity",
    "{{Latest}}": "Latest",
    "{{Limiting_the_visibility_of_text_in_the_web}}": "Limiting the visibility of text in the web",
    "{{Linear_with_accumulation}}": "Linear with accumulation",
    "{{Linear_with_two_axes}}": "Linear with two axes",
    "{{Linear}}": "Linear",
    "{{Link_in_p}}": "Link",
    "{{Links}}": "Links",
    "{{Link}}": "Link",
    "{{List_of_export_id}}": "List of export id",
    "{{List_of_values_in_p}}": "List of values",
    "{{Logging_of_external_calls_and_errors}}": "Logging of external calls and errors",
    "{{Login_page}}": "Login page:",
    "{{Login}}": "Login",
    "{{Made_by}}": "Made by",
    "{{Main_field}}": "Main field",
    "{{Main_icon}}": "Main icon",
    "{{Main}}": "Main",
    "{{Make_the_click_as_a_URL}}": "Make the click as a URL",
    "{{Management_in_the_version_table}}": "Management in the version table",
    "{{Manual_Select_creation}}": "Manual Select creation",
    "{{Mar}}": "Mar",
    "{{Match_existings}}": "Match existings",
    "{{Matched}}": "For matching",
    "{{Matches_name}}": "Matches name",
    "{{Math}}": "Math",
    "{{Maximum_number_of_output_items}}": "Maximum number of output items",
    "{{Maximum_number_of_panels}}": "Maximum number of panels",
    "{{May}}": "May",
    "{{Measurement_unit_in_p}}": "Measurement unit",
    "{{MeiliSearch}}": "MeiliSearch",
    "{{Message}}": "Message",
    "{{Minutes_online}}": "Minutes - online",
    "{{Minutes}}": "Minutes",
    "{{Money_format}}": "Money format",
    "{{Months}}": "Months",
    "{{Mon}}": "Mon",
    "{{Multiple_Values}}": "Multiple Values",
    "{{N_type}}": "N type",
    "{{Name_in_crones}}": "Name",
    "{{Name_in_export}}": "Name",
    "{{Name_in_forms}}": "Name",
    "{{Name_in_remotes}}": "Name",
    "{{Name_in_users}}": "Name",
    "{{Need_to_define_a_picture_name_in_the_preview}}": "Need to define a picture_name in the preview",
    "{{New_NAME}}": "New NAME",
    "{{New_branch}}": "New branch",
    "{{New_role}}": "New role",
    "{{New_table}}": "New table",
    "{{New_type}}": "New type",
    "{{New_window}}": "New window",
    "{{Next_b_in_stgs}}": "Next",
    "{{No_one_sees_except_the_creator}}": "No one sees except the creator",
    "{{No_settings}}": "No settings",
    "{{None_of_the_parameters_is_required}}": "None of the parameters is required",
    "{{None}}": "None",
    "{{Normal_editable_file}}": "Normal editable file",
    "{{Not_available}}": "Not available",
    "{{Not_connected_to_API}}": "Not connected to API",
    "{{Not_downloading}}": "Not downloading",
    "{{Not_to_compare_by_key}}": "Not to compare by key",
    "{{Not_to_match}}": "==Not to match==",
    "{{Not_uploading}}": "Not uploading",
    "{{Not_use}}": "Not use",
    "{{Nothing_NONE_in_p}}": "Nothing (*NONE*)",
    "{{Nothing_in_p_d}}": "Nothing",
    "{{Notification_adding}}": "Notification adding",
    "{{Notification_codes}}": "Notification codes",
    "{{Notification_limit}}": "Notification limit",
    "{{Notifications}}": "Notifications",
    "{{Nov}}": "Nov",
    "{{Number_in_p}}": "Number",
    "{{Number_of_times_execution}}": "Number of times execution",
    "{{Number_of_tries}}": "Number of tries",
    "{{Number_of_values_in_p}}": "Number of values",
    "{{Numbers_format}}": "Numbers_format",
    "{{OFF}}": "OFF",
    "{{OG_Description}}": "OG Description",
    "{{OG_Title}}": "OG Title",
    "{{OG_image}}": "OG image",
    "{{OK_in_autoriz}}": "OK",
    "{{ON}}": "ON",
    "{{OPEN}}": "OPEN",
    "{{Oct}}": "Oct",
    "{{Old_NAME}}": "Old NAME",
    "{{On_in_users}}": "On",
    "{{On_off}}": "On_off",
    "{{Only_add}}": "Only add",
    "{{Only_change}}": "Only change",
    "{{Only_for_additions}}": "For adding rows only",
    "{{Only_if_you_know_what_you_are_doing}}": "Only if you know what you are doing!",
    "{{Only_to_add}}": "Only to add",
    "{{Only_to_change}}": "Only to change",
    "{{On}}": "On",
    "{{Open_all_in_p}}": "Open all",
    "{{Open_context_panel_in_p}}": "Open context panel",
    "{{Open_in}}": "Open in",
    "{{Operation}}": "Operations",
    "{{Order_by_N-field}}": "Order by N-field",
    "{{Order_field}}": "Order field",
    "{{Other_name_in_p}}": "Other name",
    "{{Other_peoples_cycles_are_visible_in_the_cycle_table}}": "Other people's cycles are visible in the cycle table",
    "{{Other_sort_in_p}}": "Other sort",
    "{{Outside_the_tree}}": "Outside the tree",
    "{{PRESS_ME}}": "PRESS ME",
    "{{PRO_secured_file_access}}": "PRO secured file access",
    "{{PRO}}": "PRO",
    "{{Page}}": "Page",
    "{{Pagination}}": "Pagination",
    "{{Panel_code_in_p}}": "Panel code",
    "{{Panel_color_in_p}}": "Panel color",
    "{{Panel_view}}": "Panel view",
    "{{Panels_first}}": "Panels first",
    "{{Panels_in_Kanban}}": "Panels in Kanban",
    "{{Panels_only}}": "Panels only",
    "{{Panel}}": "Panel",
    "{{Parameters}}": "Parameters",
    "{{Parent_field_name}}": "Parent field name",
    "{{Parent}}": "Parent",
    "{{Password_in_p}}": "Password",
    "{{Password_is_wrong}}": "Password is wrong",
    "{{Password}}": "Password",
    "{{Path_code}}": "Path code",
    "{{Pie_chart_with_the_legend_on_the_right}}": "Pie chart with the legend on the right",
    "{{Pie_chart}}": "Pie chart",
    "{{Pin}}": "Pin",
    "{{Placement}}": "Placement",
    "{{Position_in_the_tree}}": "Position in the tree",
    "{{Postfix_in_p}}": "Postfix",
    "{{Prefilter}}": "Prefilter",
    "{{Prefix_in_p}}": "Prefix",
    "{{Print_templates}}": "Print templates",
    "{{Print_whole_text}}": "Print whole text",
    "{{Priority_of_additions}}": "Priority of additions",
    "{{Priority}}": "Priority",
    "{{Processed}}": "Processed",
    "{{Process}}": "Process",
    "{{Read-only_tables}}": "Read-only tables",
    "{{Recalculation_on_N-order_change}}": "Recalculation on N-order change",
    "{{RegExp_value_when_for_display_a_warning}}": "RegExp value when for display a warning",
    "{{Register_or_restore_your_password_at}}": "Register or restore your password at",
    "{{Remotes_user}}": "Remotes user",
    "{{Remotes}}": "Remotes",
    "{{Requests_via_getFromSoap}}": "Requests via getFromSoap",
    "{{Required_in_p}}": "Required",
    "{{Reset_to_calculated}}": "Reset to calculated",
    "{{Restore_in_logs}}": "Restore",
    "{{Restore_password_by_email}}": "Restore password by email",
    "{{Return}}": "Return",
    "{{Reverse_order}}": "Reverse order",
    "{{Role_access_to_add}}": "Role access to add",
    "{{Role_access_to_change_N-order}}": "Role access to change N-order",
    "{{Role_access_to_delete}}": "Role access to delete",
    "{{Role_access_to_duplicate}}": "Role access to duplicate",
    "{{Role_access_to_recovery}}": "Role access to recovery",
    "{{Role_title}}": "Role title",
    "{{Roles_are_matched}}": "Roles are matched",
    "{{Roles_hide_in_the_tree}}": "Roles «hide in the tree»",
    "{{Roles_in_users}}": "Roles",
    "{{Roles_not_selected}}": "Roles not selected",
    "{{Roles_replacements}}": "Roles replacements",
    "{{Roles_to_change}}": "Roles to change",
    "{{Roles_to_read}}": "Roles to read",
    "{{Roles_with_CSV_access}}": "Roles with CSV access",
    "{{Roles_with_CSV_editing}}": "Roles with CSV editing",
    "{{Roles}}": "Roles",
    "{{Round_in_p}}": "Round",
    "{{Rounding_step}}": "Rounding step",
    "{{Row_deletion_timer}}": "Row deletion timer",
    "{{Row_format}}": "Row format",
    "{{Row_management}}": "Row management",
    "{{Rows_data_intervals}}": "Rows data intervals",
    "{{Row}}": "Row",
    "{{SAVE}}": "SAVE",
    "{{SECTION_SETTINGS}}": "SECTION SETTINGS",
    "{{SEE}}": "SEE",
    "{{SETTINGS}}": "SETTINGS",
    "{{Salt_for_anonymous_tables}}": "Salt for anonymous tables",
    "{{Sat}}": "Sat",
    "{{Save_but_in_stgs}}": "Save",
    "{{Save_settings}}": "Save settings",
    "{{Save}}": "Save",
    "{{Scheme_header}}": "Scheme header",
    "{{Scheme_settings}}": "Scheme settings",
    "{{Section_in_the_tree}}": "Section in the tree",
    "{{Section_settings}}": "Section settings",
    "{{Section_statuses_code}}": "Section statuses code",
    "{{Section_title_in_p}}": "Section title",
    "{{Section_title}}": "Section title",
    "{{Sections}}": "Sections",
    "{{Section}}": "Section",
    "{{See}}": "See",
    "{{Select-tree_in_p}}": "Select-tree",
    "{{Select_code_in_p}}": "Select code",
    "{{Select_in_p}}": "Select",
    "{{Select_table_for_change}}": "Select table for change",
    "{{Select_the_table_to_add_to_the_download}}": "Select the table to add to the download",
    "{{Select_the_tables_to_add_to_the_export}}": "Select the tables to add to the export",
    "{{Separator_for_multiple_values}}": "Separator for multiple values",
    "{{Sep}}": "Sep",
    "{{Settings_and_Crones}}": "Settings and Crones",
    "{{Settings_in_p}}": "Settings",
    "{{Settings}}": "Settings",
    "{{Show_at_the_order_location_on_adding}}": "Show at the order location on adding",
    "{{Show_dropdown_menu}}": "Show dropdown menu",
    "{{Show_in_API}}": "Show in API",
    "{{Show_in_WEB}}": "Show in WEB",
    "{{Show_in_kanban}}": "Show",
    "{{Show_string_as_URL}}": "Show string as URL",
    "{{Show_unit_before_value}}": "Show unit before value",
    "{{Show}}": "Show",
    "{{Similar_to_Deletion_access}}": "Similar to Deletion access",
    "{{Simple}}": "Simple",
    "{{Sorting_in_the_tree}}": "Sorting in the tree",
    "{{Sort}}": "Sort",
    "{{Start_from_a_new_line}}": "Start from a new line",
    "{{Starting_in_p}}": "Starting",
    "{{State}}": "State",
    "{{Status_in_autoriz}}": "Status",
    "{{Status}}": "Status",
    "{{String_in_p}}": "String",
    "{{Strong}}": "Strong",
    "{{Structure_of_the_table_for_log_output}}": "Structure of the table for log output",
    "{{Styles}}": "Styles",
    "{{Sudo}}": "Sudo",
    "{{Sun}}": "Sun",
    "{{System_credentials}}": "System credentials",
    "{{System_in_logs}}": "System",
    "{{System_tables}}": "System tables",
    "{{System}}": "System",
    "{{TABLE_CANNOT_BE_ADDED}}": "!!!TABLE CANNOT BE ADDED!!!",
    "{{THE_FIELD_WITH_THIS_NAME_EXISTS_IN_THIS_TABLE}}": "THE FIELD WITH THIS NAME EXISTS IN THIS TABLE",
    "{{TOTUM}}": "TOTUM",
    "{{TURN_ALL_ON}}": "TURN ALL ON",
    "{{TURN_OFF_ALL}}": "TURN OFF ALL",
    "{{Table_NAME_only_small_Latin_letters}}": "Table NAME only small Latin letters, numbers and underscore from 3 to 30 characters.",
    "{{Table_NAME}}": "Table NAME",
    "{{Table_Name}}": "Table Name",
    "{{Table_action_code}}": "Table action code",
    "{{Table_and_panels}}": "Table and panels",
    "{{Table_break_before}}": "Table break before",
    "{{Table_categories}}": "Table categories",
    "{{Table_contents}}": "Table contents",
    "{{Table_fields_are_downloadedle_table-by-table}}": "Table fields are downloadedle table-by-table",
    "{{Table_fields_are_exported_table-by-table}}": "Table fields are exported table-by-table",
    "{{Table_formatting}}": "Table formatting",
    "{{Table_icon}}": "Table icon",
    "{{Table_name}}": "Table name",
    "{{Table_only}}": "Table only",
    "{{Table_settings}}": "Table settings",
    "{{Table_title}}": "Table title",
    "{{Table_type}}": "Table type",
    "{{Table_versions_in_cycles}}": "Table versions in cycles",
    "{{Table_version}}": "Version",
    "{{Tables_and_fields}}": "Tables and fields",
    "{{Tables_are_exported_as_separate_rows}}": "Tables are exported as separate rows",
    "{{Tables_fields}}": "★ Tables fields",
    "{{Tables_with_a_single_cycle}}": "Tables with a single cycle",
    "{{Tables_with_full_access}}": "Tables with full access",
    "{{Tables}}": "☆ Tables",
    "{{Tabletext}}": "Tabletext",
    "{{Tabletitle}}": "Tabletitle",
    "{{Table}}": "Table",
    "{{Technical_description}}": "Technical description",
    "{{Technical_for_forms}}": "Technical for forms",
    "{{Technical_for_import\/export}}": "Technical for import\/export",
    "{{Technical_for_notifications}}": "Technical for notifications",
    "{{Technical_for_tables}}": "Technical for tables",
    "{{Template_name}}": "Template name",
    "{{Template_type}}": "Template type",
    "{{Templates}}": "Templates",
    "{{Temporary_for_the_main}}": "Temporary for the main",
    "{{Temporary}}": "Temporary",
    "{{Text_in_p}}": "Text",
    "{{Text_notification}}": "Text notification",
    "{{Text_type_in_p}}": "Text type",
    "{{The_Creator_role_can_be_installed_only_by_a_user_with_the_Creator_role}}": "The Creator role can be installed only by a user with the Creator role!",
    "{{The_Password_field_is_required}}": "The Password field is required",
    "{{The_height_of_the_field_cannot_be_less_than_35px}}": "The height of the field cannot be less than 35px",
    "{{The_log_is_available_for_roles}}": "The log is available for roles",
    "{{The_tree_is_built_using_the_one_table}}": "The tree is built using the one table",
    "{{The_tree_is_matched}}": "The tree is matched",
    "{{The_update_file_has_been_added_to_the_Updates_table}}": "The update file has been added to the «Updates» table",
    "{{The_update_file_was_created}}": "The update file was created",
    "{{There_are_customized_panels}}": "There are customized panels",
    "{{There_are_customized_parameters}}": "There are customized parameters",
    "{{Thousands_separator_in_p}}": "Thousands separator",
    "{{Thu}}": "Thu",
    "{{Tip_1}}": "Tip 1",
    "{{Tip_2}}": "Tip 2",
    "{{Tip_3}}": "Tip 3",
    "{{Title_in_export}}": "Title",
    "{{Title_in_settings}}": "Title",
    "{{Title}}": "Title",
    "{{To_a_lesser}}": "To a lesser",
    "{{To_change_and_add}}": "To change and add",
    "{{To_the_greater}}": "To the greater",
    "{{Total_calculation_time}}": "Total calculation time",
    "{{Totum_documentation}}": "Totum documentation",
    "{{Totum_on_GitHub}}": "Totum on GitHub",
    "{{Tree_links}}": "Tree links",
    "{{Tree_replacements}}": "Tree replacements",
    "{{Tree_table_type}}": "Tree-table type",
    "{{Tree}}": "Tree",
    "{{Tue}}": "Tue",
    "{{Turn_off_all}}": "Turn off all",
    "{{Turn_on_all}}": "Turn on all",
    "{{Turn_on}}": "Turn on",
    "{{Type_of_cycle_access}}": "Type of cycle access",
    "{{Type}}": "Type",
    "{{UPLOAD_FILE}}": "UPLOAD FILE",
    "{{UPLOAD_THE_FILE}}": "UPLOAD THE FILE",
    "{{UPLOAD}}": "UPLOAD",
    "{{Uncheck_the_checkboxes_after_execution}}": "Uncheck the checkboxes after execution",
    "{{Unique_in_p}}": "Unique",
    "{{Update_uploading}}": "Update uploading",
    "{{Updating_Adding_Fields}}": "Updating\/Adding Fields",
    "{{Updating_table_properties}}": "Updating table properties",
    "{{Upload_description}}": "Upload description",
    "{{Upload_title}}": "Upload title",
    "{{Upload}}": "Upload",
    "{{User_log}}": "User log",
    "{{User_manager}}": "User manager",
    "{{User_notifications_management}}": "User notifications management",
    "{{User_settings_buttons}}": "User_settings_buttons",
    "{{User_settings}}": "User settings",
    "{{Users_online}}": "Users online",
    "{{Users}}": "Users",
    "{{User}}": "User",
    "{{Validation_error_text}}": "Validation error text",
    "{{Value_after_change}}": "Value after change",
    "{{Values}}": "Values",
    "{{Version_fields}}": "Fields of this version",
    "{{Versions_of_the_calculation_tables}}": "Versions of the calculation tables",
    "{{Version}}": "Version",
    "{{View_data}}": "View data",
    "{{View_type}}": "View type",
    "{{Visible_for_API_roles}}": "Visible for API roles",
    "{{Visible_for_roles}}": "Visible for roles",
    "{{Warning_on_change_in_p}}": "Warning on change",
    "{{Warning_text_in_p}}": "Warning text",
    "{{Weak}}": "Weak",
    "{{Wed}}": "Wed",
    "{{Week_days}}": "Week days",
    "{{When_you_change_the_name_of_the_field_in_the_calculated_tables}}": "When you change the name of <b>ATTENTION!<\/b><br><br>When you change the name of the field in the calculated tables, the data in it are not saved!<br><br>If the table is located in a cycle, the data will be recalculated or lost at the moment the cycle is opened or recalculated by the code!<br><br>For tables with versions the name will be changed for ALL versions!",
    "{{Wholly}}": "Wholly",
    "{{Wide_in_p}}": "Wide",
    "{{Width}}": "Width",
    "{{With_data}}": "With data",
    "{{With_logging_in_p}}": "With logging",
    "{{With_the_other_columns_selected}}": "With the other columns selected",
    "{{Without_a_boss}}": "Without a boss",
    "{{Without_changes}}": "Without changes",
    "{{Without_data}}": "Without data",
    "{{Without_fields_data}}": "Without fields data",
    "{{You_cannot_delete_the_default_version}}": "You cannot delete the default version",
    "{{You_received_this_email_because_you_registered_or_requested_password_recovery_at_the_service}}": "You received this email because you registered or requested password recovery at the service",
    "{{You_should_enter_the_name_of_the_icon_without_fa-_from_the_fontawersome_4_set}}": "<p>You should enter the name of the icon without fa- from the fontawersome 4 set: <a href=\"https:\/\/fontawesome.com\/v4\/icons\/\" target=\"blank\">https:\/\/fontawesome.com\/v4\/icons\/<\/a><\/p>",
    "{{already_exists}}": "already exists",
    "{{business_database_for_non-programmers}}": "business database for non-programmers.",
    "{{css}}": "css",
    "{{dates_format}}": "m\/d\/Y",
    "{{emailSend}}": "emailSend",
    "{{getFromScript}}": "getFromScript",
    "{{headers_body}}": "headers + body",
    "{{id_is_required}}": "id is required",
    "{{iframe_in_p}}": "iframe",
    "{{ip}}": "ip",
    "{{json}}": "json",
    "{{minutes}}": "minutes",
    "{{min}}": "min.",
    "{{notLoaded}}": "notLoaded",
    "{{notifications}}": "notifications",
    "{{numbers_format}}": "json`{\"thousandthSeparator\": \",\",\"dectimalSeparator\": \".\"}`",
    "{{of_table}}": "of table",
    "{{picture_name_picture_is_required}}": "picture_name — picture is required",
    "{{sec_in_settings}}": "sec.",
    "{{sec}}": "sec",
    "{{string}}": "string",
    "{{success_error}}": "success\/error",
    "{{tries}}": "tries",
    "{{ttm__forms_sections_settings}}": "ttm__forms_sections_settings",
    "{{ttm__forms_viewtypes}}": "ttm__forms_viewtypes",
    "{{ttm__search_buttons_tmp}}": "ttm__search_buttons_tmp",
    "{{ttm__search_catalog}}": "ttm__search_catalog",
    "{{ttm__search_settings}}": "ttm__search_settings",
    "{{ttm__tmp_change_tree_links}}": "ttm__tmp_change_tree_links",
    "{{ttm_form_params_tmp}}": "ttm_form_params_tmp"
}