{
    "{{!_Disable}}": "! Без отслеживания изменений",
    "{{ADD}}": "ДОБАВИТЬ",
    "{{API_user}}": "API user",
    "{{API}}": "API",
    "{{Accepts_files_mime_type}}": "Принимает файлы (mime-тип)",
    "{{Access_inside_cycles_to_read}}": "Доступ внутрь циклов на чтение",
    "{{Access_inside_the_cycles_to_write}}": "Доступ внутрь циклов на запись",
    "{{Access_to_users_cycles}}": "Доступ к циклам пользователей",
    "{{Access}}": "Доступы",
    "{{Action_available_on_viewing}}": "Действие доступно при просмотре",
    "{{Action_code_in_p}}": "Код действия",
    "{{Action_in_log}}": "Действие",
    "{{Action}}": "Действие",
    "{{Activate_from}}": "Активировать с",
    "{{Active_from}}": "Активно с",
    "{{Active}}": "Активно",
    "{{Actuality_of_field_settings}}": "Актуальность настроек полей",
    "{{Actuality}}": "Актуальность",
    "{{Add_Change}}": "Добавлять\/Изменять",
    "{{Add_calculation_tables}}": "Добавить расчетные таблицы",
    "{{Add_change}}": "Добавлять\/Изменять",
    "{{Add_tables_by_name}}": "Добавить таблицы по name",
    "{{Add_tables_by_title}}": "Добавить таблицы по title",
    "{{Add_tables_inside_the_cycle?}}": "Добавить таблицы внутри цикла?",
    "{{Add_versions_of_cycle_tables_used_in_cycles?}}": "Добавить версии таблиц используемых в циклах?",
    "{{Adding_a_version}}": "Добавление версии",
    "{{Adding_is_available_for_roles}}": "Добавление доступно ролям",
    "{{Adding_rows}}": "Добавление строк",
    "{{Adding_updating_data}}": "Добавление\/обновление данных",
    "{{Adding}}": "Добавление",
    "{{Add}}": "Добавить",
    "{{Admin_notifications}}": "Системные сообщения",
    "{{All_Roles}}": "Все Роли",
    "{{All_access_users}}": "Все пользователи доступа",
    "{{All_in_p_d}}": "Все",
    "{{All_in_p}}": "Все (*ALL*)",
    "{{Allow_click_on_read_only}}": "Разрешить действие в режиме только для чтения",
    "{{Anchor}}": "Ярлык",
    "{{Another_placement}}": "Другой плейсмент",
    "{{Apr}}": "Апр",
    "{{Are_you_sure?}}": "Точно выгружаем?",
    "{{Are_you_sure_about_uploading?}}": "Точно загружаем?",
    "{{Are_you_sure_to_change_it}}": "Точно изменить?",
    "{{Aug}}": "Авг",
    "{{Authorization_time}}": "Время авторизации",
    "{{Authorizations}}": "Авторизации",
    "{{Auto_recalculation_by_default}}": "Автопересчет по умолчанию",
    "{{Automatic_recalculation}}": "Автоматический пересчет",
    "{{BY_DEFAULT}}": "BY DEFAULT",
    "{{Bar_chart}}": "Столбчатая",
    "{{Bar_with_a_linear}}": "Столбчатая с линейной",
    "{{Bar_with_accumulation}}": "Столбчатая с накоплением",
    "{{Bar_with_two_axes}}": "Столбчатая с двумя осями",
    "{{BaseField_different_from_id}}": "BaseField отличный от id",
    "{{Base_version}}": "Базовая версия",
    "{{Block_in_forms}}": "Block",
    "{{Blocking_in_autoriz}}": "Блокировка",
    "{{Blocking_time}}": "Время блокировки",
    "{{Block}}": "Block",
    "{{Border}}": "Обводка",
    "{{Boss}}": "Boss",
    "{{Branch}}": "Ветка",
    "{{Button_in_p}}": "Кнопка",
    "{{Button_text_in_p}}": "Текст кнопки",
    "{{By_default}}": "По умолчанию",
    "{{CHANGE_NAME}}": "ИЗМЕНИТЬ NAME",
    "{{CHANGE}}": "ИЗМЕНИТЬ",
    "{{CHECK}}": "CHECK",
    "{{CORE_Fields_settings_of_the_Tables_Fields}}": "CORE: настройки полей Состава таблиц",
    "{{CORE_Table_and_fields_data_from_the_Tables}}": "CORE: Данные Списка и Состава из Списка таблиц",
    "{{CORE_Tables_fields_settings}}": "CORE: настройки полей Списка таблиц",
    "{{CORE_setting_fields_of_Tables_Fields}}": "CORE: настройки полей Состава таблиц",
    "{{CORE_setting_the_fields_of_the_Tables}}": "CORE: настройки полей Списка таблиц",
    "{{CORE_table_and_fields_data_from_Tables}}": "CORE: данные Списка и Состава из Списка таблиц",
    "{{CREATE_AN_EXPORT}}": "СОЗДАТЬ ВЫГРУЗКУ",
    "{{CREATE_BY_CURRENT_SETTINGS}}": "СОЗДАТЬ ПО ТЕКУЩИМ НАСТРОЙКАМ",
    "{{CREATE_DOWNLOAD}}": "СОЗДАТЬ ВЫГРУЗКУ",
    "{{CSS}}": "CSS",
    "{{Calculated_in_cycle}}": "Расчетная в цикле",
    "{{Calculated_in_tree}}": "Расчетная в дереве",
    "{{Calculation_order_in_tree}}": "Изменить порядок расчета для дерева",
    "{{Call_user}}": "Call user",
    "{{Cannot_add_a_field_for_a_calculation_table_in_cycle_without_a_version}}": "Нельзя добавить поле для расчетной таблицы в дереве без версии",
    "{{Cannot_add_a_field_with_version_for_a_table_not_in_a_cycle}}": "Нельзя добавить поле c версией для таблицы не в цикле",
    "{{Categories_assigned}}": "Категории назначены",
    "{{Categories}}": "Категории",
    "{{Category_replacements}}": "Замены категорий",
    "{{Category}}": "Категория",
    "{{Change_and_add}}": "Добавлять и изменять",
    "{{Change_email}}": "Изменить email",
    "{{Change_field_NAME}}": "Изменить NAME поля",
    "{{Change_fields_list}}": "Изменить список полей",
    "{{Change_in_export}}": "Изменение",
    "{{Change_in_logs}}": "Изменение",
    "{{Change_password}}": "Изменить пароль",
    "{{Change_time}}": "Время изменения",
    "{{Changing_field_name}}": "Изменение name поля",
    "{{Changing_the_list_of_downloadable_table_data_fields}}": "Изменение списка выгружаемых полей данных таблицы",
    "{{Changing_the_list_of_downloadable_table_fields}}": "Изменение списка выгружаемых полей таблицы",
    "{{Changing_the_list_of_downloadable_table_settings}}": "Изменение списка выгружаемых настроек таблицы",
    "{{Changing_the_list_of_exporting_table_fields}}": "Изменение данных полей Списка и Состава таблиц",
    "{{Changing_the_list_of_extractable_table_fields}}": "Изменение списка выгружаемых полей таблицы",
    "{{Changing_the_list_of_loadable_table_fields}}": "Изменение списка загружаемых полей таблицы",
    "{{Changing_the_list_of_uploadable_table_settings}}": "Изменение списка загружаемых настроек таблицы",
    "{{Changing_the_list_of_uploaded_data_of_system_tables}}": "Изменение списка загружаемых данных системных таблиц",
    "{{Changing_tree_links}}": "Изменить",
    "{{Changing_your_email}}": "Изменение email",
    "{{Changing_your_password}}": "Изменение пароля",
    "{{Chart_in_p}}": "График",
    "{{Chart_settings}}": "Настройки графика",
    "{{Chart_type_in_p}}": "Тип графика",
    "{{Charts}}": "Графики",
    "{{Check_Select_values_on_server}}": "Проверять введенные значения на сервере",
    "{{Checkbox_in_p}}": "Чекбокс",
    "{{Check}}": "Проверить",
    "{{Click_here_to_disable_the_admin_interface}}": "Кликните здесь, что бы отключить админ-интерфейс",
    "{{Close_the_window_after_execution}}": "Закрыть окно после выполнения",
    "{{Code_format}}": "Code format",
    "{{Code_in_crons}}": "Код",
    "{{Code_in_export}}": "Код",
    "{{Code_in_params}}": "Код",
    "{{Code_name}}": "Name кода",
    "{{Code_when_duplicating_from_the_web_interface}}": "Код при дублировании из веб-интерфейса",
    "{{Code}}": "Код",
    "{{Column-by-column_recalculation}}": "Поколоночный пересчет",
    "{{Column_width_when_rotated}}": "Ширина колонок при повороте",
    "{{Column}}": "Колонка",
    "{{Comments_in_p}}": "Комментарии",
    "{{Conditional_cell_formatting}}": "Условное форматирование ячейки",
    "{{Configuring_panel_view}}": "Настройка вида панелей",
    "{{Context_panel_width}}": "Ширина контекстной панели",
    "{{Copy_values_when_duplicating}}": "Переносить значения при дублировании",
    "{{Create_by_current_settings}}": "Создать по текущим настройкам",
    "{{Create_download_file}}": "Создать файл выгрузки",
    "{{Create_new}}": "==Создать новое==",
    "{{Create_update}}": "Создать обновление",
    "{{Creator}}": "Создатель",
    "{{Crones}}": "Кроны",
    "{{Current_window}}": "Текущей вкладке",
    "{{Customizing_panel_table_view}}": "Настройка панельного вида таблицы",
    "{{Cycle_id}}": "Cycle id",
    "{{Cycles_table}}": "Таблица циклов",
    "{{Cycles_with_this_version_of_the_table_exist_Move_the_tables_to_the_new_version}}": "Циклы с этой версией таблицы существуют. Переведите таблицы на новую версию",
    "{{Cycles}}": "Циклов",
    "{{Cycle}}": "Цикл",
    "{{DATA}}": "ДАННЫЕ",
    "{{Data_1}}": "Данные 1",
    "{{Data_2}}": "Данные 2",
    "{{Data_3_right_axis}}": "Данные 3 (ось справа)",
    "{{Data_3}}": "Данные 3",
    "{{Data_for_charts}}": "Данные для графиков",
    "{{Data_in_p}}": "Данные",
    "{{Date_Time}}": "Дата-время",
    "{{Date_from}}": "Дата от",
    "{{Date_in_p}}": "Дата",
    "{{Date_time_interface_output_format}}": "Формат вывода в интерфейс даты\/времени",
    "{{Date_to}}": "Дата до",
    "{{Dates_format}}": "Формат отображения дат",
    "{{Date}}": "Дата",
    "{{Days_of_month}}": "Дни месяца",
    "{{Decimal_places_in_p}}": "Знаков после запятой",
    "{{Decimal_separator_in_p}}": "Разделитель десятичных",
    "{{Decoration_color_in_p}}": "Цвет выделения",
    "{{Dec}}": "Дек",
    "{{Default_settings}}": "Настройки по умолчанию",
    "{{Default_sort}}": "Отображение по умолчанию",
    "{{Default_table}}": "Таблица по умолчанию",
    "{{Default_value_in_p}}": "Значение по умолчанию",
    "{{Default_version}}": "Версия по умолчанию",
    "{{Default_width_px}}": "Ширина по умолчанию, px",
    "{{Delete}}": "Удалять",
    "{{Deleting_rows_type}}": "Удаление строк",
    "{{Deleting}}": "Удаление",
    "{{Description_in_settings}}": "Description",
    "{{Description}}": "Описание",
    "{{Disabled}}": "Отключено",
    "{{Display_for_empty_value}}": "Заголовок селекта с пустым значением",
    "{{Display_in_another_place}}": "Отображать в другом месте",
    "{{Display_path_in_the_cell}}": "Отображать путь в ячейке",
    "{{Displayed_sort}}": "Отображаемый порядок",
    "{{Displaying_multiple_selection_in_a_cell}}": "Отображение множественного селекта в ячейке",
    "{{Do_not_add}}": "Не добавлять",
    "{{Do_not_block}}": "Do not block",
    "{{Double-click_the_left_mouse_button_to_open_the_fields_for_editing}}": "Двойной клик левой кнопкой мыши открывает поля на редактирование",
    "{{Download_all_in_p}}": "Загрузить все",
    "{{Download_file}}": "Загрузить файл",
    "{{Download_title}}": "Название выгрузки",
    "{{Downloadable}}": "Загружаемое",
    "{{Downloading_wholly}}": "Выгружается целиком",
    "{{Download}}": "Создание выгрузки",
    "{{Duplicate_file_on_copying}}": "Дублировать файл при копировании",
    "{{Duplicating_rows}}": "Дублирование строк",
    "{{Duplication_from_the_interface_is_prohibited}}": "Дублирование из интерфейса запрещено",
    "{{EXECUTE_CODE}}": "ВЫПОЛНИТЬ КОД",
    "{{Editable_in_API}}": "Редактируемое в API",
    "{{Editable_in_WEB}}": "Редактируемое в WEB",
    "{{Editing_in_API_is_available_for_roles}}": "Редактирование в API доступно ролям",
    "{{Editing_is_available_for_roles}}": "Редактирование доступно ролям",
    "{{Editing_when_adding_in_the_API}}": "Вводится при добавлении в API",
    "{{Editing_when_adding_in_the_WEB}}": "Вводится при добавлении в WEB",
    "{{Element}}": "Элемент",
    "{{Email}}": "Email",
    "{{Empty_in_p_d}}": "Пустое",
    "{{Empty_in_p}}": "Пустое ()",
    "{{Enable_button_in_the_addition_row}}": "Включить кнопку в строке добавления",
    "{{Enabled}}": "Включено",
    "{{Ending_in_p}}": "Завершающий",
    "{{Enter_the_correct_email_in_small_letters}}": "Введите корректный email маленькими буквами",
    "{{Enter_your_current_password}}": "Введите ваш текущий пароль",
    "{{Entered_data}}": "Введенные данные",
    "{{Error_text}}": "Текст ошибки",
    "{{Error_writing_to_the_modified_table}}": "Ошибки записи в измененную таблицу",
    "{{Execute_code_only_when_adding}}": "Исполнять код только при добавлении",
    "{{Execute_now}}": "Выполнить сейчас",
    "{{Execute_the_action_on_adding}}": "Выполнять код действия при добавлении",
    "{{Execute_the_action_on_changed}}": "Выполнять код действия при изменении",
    "{{Execute_the_action_on_click}}": "Выполнять код действия при клике",
    "{{Execute_the_action_on_deleted}}": "Выполнять код действия при удалении",
    "{{Expected_format}}": "Ожидаемый формат",
    "{{Export_description}}": "Описание выгрузки",
    "{{Exported_wholly}}": "Выгружается целиком",
    "{{Export}}": "Выгрузить",
    "{{Extra_wide_in_p}}": "Очень широкая",
    "{{FIELDS}}": "ПОЛЯ",
    "{{FILL_ROLES}}": "ЗАПОЛНИТЕ РОЛИ",
    "{{FILL_TREE}}": "ЗАПОЛНИТЕ ДЕРЕВО",
    "{{Favicon}}": "Favicon",
    "{{Favorite_tables}}": "Избранные таблицы",
    "{{Feb}}": "Фев",
    "{{Field_NAME_only_small_Latin_letters,_numbers_and_underscore_from_3_to_30_characters}}": "NAME поля только маленькие латинские буквы, цифры и нижнее подчеркивание от 3 до 30 символов.",
    "{{Field_NAME}}": "NAME поля",
    "{{Field_Name_in_the_rows_part}}": "Name поля в строчной части",
    "{{Field_data}}": "Данные полей",
    "{{Field_description}}": "Описание поля",
    "{{Field_filter_in_p}}": "Фильтр по полю",
    "{{Field_list}}": "Список полей",
    "{{Field_name_for_bfield}}": "Name-поле для bfield",
    "{{Field_sets}}": "Наборы полей",
    "{{Field_settings}}": "Параметры поля",
    "{{Field_title}}": "Field title",
    "{{Field_type}}": "Тип поля",
    "{{Fields_calculation_time}}": "Время расчета полей",
    "{{Fields_data}}": "Данные полей",
    "{{Fields}}": "Поля",
    "{{Field}}": "Поле",
    "{{File_in_p}}": "Файл",
    "{{Filename_with_hash_at_the_end}}": "Имя файла с хешем в конце",
    "{{File}}": "Файл",
    "{{Fill_in_the_categories}}": "Заполните категории",
    "{{Fill_in}}": "==Заполните==",
    "{{Fill_the_roles}}": "Заполните роли",
    "{{Fill_the_tree}}": "Заполните дерево",
    "{{Filters}}": "Фильтры",
    "{{Folders_can_be_selected}}": "Папки можно выбирать",
    "{{Folder}}": "Папка",
    "{{Footer}}": "Футер",
    "{{For_all}}": "Для всех",
    "{{Formatting_for_tree_folders}}": "Код форматирования папок дерева",
    "{{Forms_TTM}}": "Формы",
    "{{Forms}}": "Формы",
    "{{Frequency_of_checking_notifications}}": "Частота проверки нотификаций",
    "{{Fri}}": "Пт",
    "{{From_another_table}}": "По другой таблице",
    "{{From_end_to_root}}": "Сначала нижний уровень",
    "{{From_root_to_end}}": "Сначала верхний уровень",
    "{{From_this_table}}": "По этой таблице",
    "{{Group_change_in_p}}": "Групповое изменение",
    "{{HTML_on_the_homepage}}": "HTML на главной странице",
    "{{HTML}}": "HTML",
    "{{Header}}": "Хэдер",
    "{{Height}}": "Высота",
    "{{Hidden_by_default}}": "Скрыто по умолчанию",
    "{{Hide_Add_button}}": "Скрыть кнопку Добавить",
    "{{Hide_Creators_APIs_and_Technical}}": "Скрыть Создателей, API и технических",
    "{{Hide_from_tree}}": "Скрыть из дерева",
    "{{Hide_in_kanban}}": "Скрытый",
    "{{Hide_teh_plate}}": "Скрыть тех-плашку",
    "{{Hide}}": "Скрывать",
    "{{Hold_down_the_left_mouse_button_and_drag_to_scroll_through_the_wide_table}}": "Зажмите левую кнопку мыши и потяните для прокрутки широкой таблицы",
    "{{Hours}}": "Часы",
    "{{Icon}}": "Иконка",
    "{{Id_matching_at_startup}}": "Сопоставление id при загрузке",
    "{{If_you_didn't_do_it,_delete_this_email}}": "Если вы этого не делали — удалите это письмо.",
    "{{Import\/Export}}": "Импорт\/экспорт",
    "{{Import\/export}}": "Импорт\/экспорт",
    "{{Important_message}}": "Важное сообщение",
    "{{Impossible_to_add}}": "Невозможно добавить",
    "{{In_cycle}}": "В цикле",
    "{{In_the_current_scheme}}": "В текущей схеме",
    "{{In_the_cycle}}": "В цикле",
    "{{In_the_header}}": "В шапке",
    "{{Incoming}}": "Входящий",
    "{{Incorrect_login_password}}": "Неверный логин\/пароль",
    "{{Indexes}}": "Индексы",
    "{{Individual_calculation_for_each_row}}": "Индивидуальный расчет селекта для каждой строки",
    "{{Input_title_here}}": "Введите название поля",
    "{{Input_validation_format_regexp}}": "Формат валидизации ввода (regexp)",
    "{{Interface}}": "Интерфейс",
    "{{Interval_in_p}}": "Интервальный",
    "{{Jan}}": "Янв",
    "{{Jul}}": "Июл",
    "{{Jun}}": "Июн",
    "{{Kanban_colors}}": "Канбан цвета",
    "{{Kanban_field}}": "Канбан поле",
    "{{Kanban_html_code}}": "Канбан html код",
    "{{Kanban_html_height}}": "Высота kanban-html",
    "{{Kanban_html_type}}": "Тип канбан-html",
    "{{Key_fields}}": "Ключевые поля",
    "{{Label_for_the_All_option_ALL}}": "Название для опции Все (*ALL*)",
    "{{Label_for_the_Empty_option}}": "Название для опции Пустое ()",
    "{{Label_for_the_Nothing_in_p}}": "Название для опции Ничего (*NONE*)",
    "{{Last_activity_date}}": "Дата последней активности",
    "{{Last_activity}}": "Последняя активность",
    "{{Latest}}": "Последние",
    "{{Limiting_the_visibility_of_text_in_the_web}}": "Ограничение видимости текста в web",
    "{{Linear_with_accumulation}}": "Линейная с накоплением",
    "{{Linear_with_two_axes}}": "Линейный с двумя осями",
    "{{Linear}}": "Линейная",
    "{{Link_in_p}}": "Ярлык",
    "{{Links}}": "Ссылки",
    "{{Link}}": "Ссылка",
    "{{List_of_export_id}}": "Список выгружаемых id",
    "{{List_of_values_in_p}}": "Список значений",
    "{{Logging_of_external_calls_and_errors}}": "Логирование внешних обращений и ошибок",
    "{{Login_page}}": "Страница входа:",
    "{{Login}}": "Логин",
    "{{Made_by}}": "Сделано на",
    "{{Main_field}}": "Основное поле",
    "{{Main_icon}}": "Главная иконка",
    "{{Main}}": "Основные",
    "{{Make_the_click_as_a_URL}}": "Оформить клик как URL",
    "{{Management_in_the_version_table}}": "Управление в таблице версий",
    "{{Manual_Select_creation}}": "Ручное создание селекта",
    "{{Mar}}": "Мар",
    "{{Match_existings}}": "Матчить существующие",
    "{{Matched}}": "Сопостовляемое",
    "{{Matches_name}}": "Matches name",
    "{{Math}}": "Математическое",
    "{{Maximum_number_of_output_items}}": "Максимальное количество выводимых элементов",
    "{{Maximum_number_of_panels}}": "Максимальное количество панелей",
    "{{May}}": "Май",
    "{{Measurement_unit_in_p}}": "Единица измерения",
    "{{MeiliSearch}}": "MeiliSearch",
    "{{Message}}": "Сообщение",
    "{{Minutes_online}}": "Минут — online",
    "{{Minutes}}": "Минуты",
    "{{Money_format}}": "Денежный формат",
    "{{Months}}": "Месяцы",
    "{{Mon}}": "Пн",
    "{{Multiple_Values}}": "Множественные значения",
    "{{N_type}}": "Тип обработки N",
    "{{Name_in_crones}}": "Name",
    "{{Name_in_export}}": "Name",
    "{{Name_in_forms}}": "Name",
    "{{Name_in_remotes}}": "Name ремоута",
    "{{Name_in_users}}": "Имя",
    "{{Need_to_define_a_picture_name_in_the_preview}}": "Need to define a picture_name in the preview",
    "{{New_NAME}}": "Новый NAME",
    "{{New_branch}}": "Новая ветка",
    "{{New_role}}": "Новая роль",
    "{{New_table}}": "Новая таблица",
    "{{New_type}}": "Новая категория",
    "{{New_window}}": "Новой вкладке",
    "{{Next_b_in_stgs}}": "Дальше",
    "{{No_one_sees_except_the_creator}}": "Никто не видит, кроме создателя",
    "{{No_settings}}": "Нет настроек",
    "{{None_of_the_parameters_is_required}}": "None of the parameters is required",
    "{{None}}": "Нестрогое без показа",
    "{{Normal_editable_file}}": "Normal editable file",
    "{{Not_available}}": "Недоступно",
    "{{Not_connected_to_API}}": "Не подключено к API",
    "{{Not_downloading}}": "Не выгружается",
    "{{Not_to_compare_by_key}}": "Не сравнивать по ключам",
    "{{Not_to_match}}": "==Не сопоставлять==",
    "{{Not_uploading}}": "Не загружаются",
    "{{Not_use}}": "Не используется",
    "{{Nothing_NONE_in_p}}": "Ничего (*NONE*)",
    "{{Nothing_in_p_d}}": "Ничего",
    "{{Notification_adding}}": "Добавление нотификации",
    "{{Notification_codes}}": "Коды нотификаций",
    "{{Notification_limit}}": "Лимит нотификаций",
    "{{Notifications}}": "Нотификации",
    "{{Nov}}": "Ноя",
    "{{Number_in_p}}": "Число",
    "{{Number_of_times_execution}}": "Количество выполнений",
    "{{Number_of_tries}}": "Количество попыток",
    "{{Number_of_values_in_p}}": "Количество значений",
    "{{Numbers_format}}": "Формат отображения чисел",
    "{{OFF}}": "OFF",
    "{{OG_Description}}": "OG Description",
    "{{OG_Title}}": "OG Title",
    "{{OG_image}}": "OG image",
    "{{OK_in_autoriz}}": "OK",
    "{{ON}}": "ON",
    "{{OPEN}}": "ОТКРЫТЬ",
    "{{Oct}}": "Окт",
    "{{Old_NAME}}": "Старый NAME",
    "{{On_in_users}}": "Вкл.",
    "{{On_off}}": "On_off",
    "{{Only_add}}": "Только добавлять",
    "{{Only_change}}": "Только изменять",
    "{{Only_for_additions}}": "Только для добавляемых строк",
    "{{Only_if_you_know_what_you_are_doing}}": "Только если вы знаете, что делаете!",
    "{{Only_to_add}}": "Только добавлять",
    "{{Only_to_change}}": "Только изменять",
    "{{On}}": "Вкл.",
    "{{Open_all_in_p}}": "Открыть все",
    "{{Open_context_panel_in_p}}": "Открыть контекстную панель",
    "{{Open_in}}": "Открывать в",
    "{{Operation}}": "Возможные операции",
    "{{Order_by_N-field}}": "По полю Порядок",
    "{{Order_field}}": "Поле сортировки",
    "{{Other_name_in_p}}": "Другой Name",
    "{{Other_peoples_cycles_are_visible_in_the_cycle_table}}": "Чужие циклы видны в таблице циклов",
    "{{Other_sort_in_p}}": "Другой сорт",
    "{{Outside_the_tree}}": "Вне дерева",
    "{{PRESS_ME}}": "НАЖМИ МЕНЯ",
    "{{PRO_secured_file_access}}": "PRO защищенный доступ к файлам",
    "{{PRO}}": "PRO",
    "{{Page}}": "Страница",
    "{{Pagination}}": "Разбивка на страницы",
    "{{Panel_code_in_p}}": "Панель селекта для изменения",
    "{{Panel_color_in_p}}": "Цвет панели",
    "{{Panel_view}}": "Вид панелями",
    "{{Panels_first}}": "Сначала панели",
    "{{Panels_in_Kanban}}": "Панелей в Канбан",
    "{{Panels_only}}": "Только панели",
    "{{Panel}}": "Панель",
    "{{Parameters}}": "Параметры",
    "{{Parent_field_name}}": "Name-поле родителя",
    "{{Parent}}": "Родитель",
    "{{Password_in_p}}": "Пароль",
    "{{Password_is_wrong}}": "Неверный пароль",
    "{{Password}}": "Пароль",
    "{{Path_code}}": "Path code",
    "{{Pie_chart_with_the_legend_on_the_right}}": "Круговая с легендой справа",
    "{{Pie_chart}}": "Круговая",
    "{{Pin}}": "Пин",
    "{{Placement}}": "Размещение",
    "{{Position_in_the_tree}}": "Положение в дереве",
    "{{Postfix_in_p}}": "Постфикс",
    "{{Prefilter}}": "Префильтр",
    "{{Prefix_in_p}}": "Префикс",
    "{{Print_templates}}": "Шаблоны печати",
    "{{Print_whole_text}}": "Выводить на печать текст целиком",
    "{{Priority_of_additions}}": "Приоритет загрузки",
    "{{Priority}}": "Приоритет",
    "{{Processed}}": "Обработано",
    "{{Process}}": "Обработано",
    "{{Read-only_tables}}": "Таблицы только на чтение",
    "{{Recalculation_on_N-order_change}}": "Пересчет при изменении порядка",
    "{{RegExp_value_when_for_display_a_warning}}": "RegExp значения, при котором выводить предупреждение",
    "{{Register_or_restore_your_password_at}}": "Регистрация или восстановление пароля в",
    "{{Remotes_user}}": "Remotes user",
    "{{Remotes}}": "Remotes",
    "{{Requests_via_getFromSoap}}": "Запросы через getFromSoap",
    "{{Required_in_p}}": "Обязательное",
    "{{Reset_to_calculated}}": "Сброс к рассчетному",
    "{{Restore_in_logs}}": "Восстановление",
    "{{Restore_password_by_email}}": "Восстановление парол на почту",
    "{{Return}}": "Возврат",
    "{{Reverse_order}}": "Обратный порядок",
    "{{Role_access_to_add}}": "Ролевой доступ на добавление",
    "{{Role_access_to_change_N-order}}": "Ролевой доступ на изменение порядка",
    "{{Role_access_to_delete}}": "Ролевой доступ на удаление",
    "{{Role_access_to_duplicate}}": "Ролевой доступ на дублирование",
    "{{Role_access_to_recovery}}": "Ролевой доступ на восстановление",
    "{{Role_title}}": "Название роли",
    "{{Roles_are_matched}}": "Роли назначены",
    "{{Roles_hide_in_the_tree}}": "Роли «скрыть в дереве»",
    "{{Roles_in_users}}": "Роли",
    "{{Roles_not_selected}}": "Роли не выбраны",
    "{{Roles_replacements}}": "Замены ролей",
    "{{Roles_to_change}}": "Роли на изменение",
    "{{Roles_to_read}}": "Роли на чтение",
    "{{Roles_with_CSV_access}}": "Роли с доступом к CSV",
    "{{Roles_with_CSV_editing}}": "Роли с редактированием через CSV",
    "{{Roles}}": "Роли",
    "{{Round_in_p}}": "Округление",
    "{{Rounding_step}}": "Шаг округления",
    "{{Row_deletion_timer}}": "Таймер удаления строк",
    "{{Row_format}}": "Форматирование строки",
    "{{Row_management}}": "Управление строками",
    "{{Rows_data_intervals}}": "Строчные интервалы",
    "{{Row}}": "Строка",
    "{{SAVE}}": "СОХРАНИТЬ",
    "{{SECTION_SETTINGS}}": "SECTION SETTINGS",
    "{{SEE}}": "SEE",
    "{{SETTINGS}}": "НАСТР.",
    "{{Salt_for_anonymous_tables}}": "Соль для Анонимных таблиц",
    "{{Sat}}": "Сб",
    "{{Save_but_in_stgs}}": "Сохранить",
    "{{Save_settings}}": "Сохранить настройки",
    "{{Save}}": "Сохранить",
    "{{Scheme_header}}": "Заголовок схемы",
    "{{Scheme_settings}}": "Настройки схемы",
    "{{Section_in_the_tree}}": "Раздел в дереве",
    "{{Section_settings}}": "Section settings",
    "{{Section_statuses_code}}": "Section statuses code",
    "{{Section_title_in_p}}": "Заголовок",
    "{{Section_title}}": "Section title",
    "{{Sections}}": "Sections",
    "{{Section}}": "Раздел",
    "{{See}}": "See",
    "{{Select-tree_in_p}}": "Селект-дерево",
    "{{Select_code_in_p}}": "Код селекта",
    "{{Select_in_p}}": "Селект",
    "{{Select_table_for_change}}": "Таблица селекта для изменения",
    "{{Select_the_table_to_add_to_the_download}}": "Выберите таблицу для добавления в выгрузку",
    "{{Select_the_tables_to_add_to_the_export}}": "Выберите таблицы для добавления в выгрузку",
    "{{Separator_for_multiple_values}}": "Разделитель для множественных значений",
    "{{Sep}}": "Сен",
    "{{Settings_and_Crones}}": "Настройки и крон",
    "{{Settings_in_p}}": "Настройки",
    "{{Settings}}": "Настройки",
    "{{Show_at_the_order_location_on_adding}}": "Показывать по месту сортировки",
    "{{Show_dropdown_menu}}": "Показывать выпадающее меню",
    "{{Show_in_API}}": "Показывать в API",
    "{{Show_in_WEB}}": "Показывать в WEB",
    "{{Show_in_kanban}}": "Отображаемый",
    "{{Show_string_as_URL}}": "Показывать строку как URL",
    "{{Show_unit_before_value}}": "Показывать единицу измерения до значения",
    "{{Show}}": "Показать",
    "{{Similar_to_Deletion_access}}": "Аналогично доступу на Удаление",
    "{{Simple}}": "Простая",
    "{{Sorting_in_the_tree}}": "Сортировка в дереве",
    "{{Sort}}": "Порядок",
    "{{Start_from_a_new_line}}": "С новой строчки",
    "{{Starting_in_p}}": "Стартовый",
    "{{State}}": "Состояние",
    "{{Status_in_autoriz}}": "Статус",
    "{{Status}}": "Статус",
    "{{String_in_p}}": "Строка",
    "{{Strong}}": "Строгое",
    "{{Structure_of_the_table_for_log_output}}": "Структура таблицы для вывода лога",
    "{{Styles}}": "Стили",
    "{{Sudo}}": "Sudo",
    "{{Sun}}": "Вс",
    "{{System_credentials}}": "Учетные данные в системе",
    "{{System_in_logs}}": "Системное",
    "{{System_tables}}": "Системные таблицы",
    "{{System}}": "Системные",
    "{{TABLE_CANNOT_BE_ADDED}}": "!!!ТАБЛИЦА НЕ МОЖЕТ БЫТЬ ДОБАВЛЕНА!!!",
    "{{THE_FIELD_WITH_THIS_NAME_EXISTS_IN_THIS_TABLE}}": "ПОЛЕ С ТАКИМ NAME ЕСТЬ В ЭТОЙ ТАБЛИЦЕ",
    "{{TOTUM}}": "TOTUM",
    "{{TURN_ALL_ON}}": "ВКЛЮЧИТЬ ВСЕ",
    "{{TURN_OFF_ALL}}": "ВЫКЛЮЧИТЬ ВСЕ",
    "{{Table_NAME_only_small_Latin_letters}}": "NAME таблицы только маленькие латинские буквы, цифры и нижнее подчеркивание от 3 до 30 символов.",
    "{{Table_NAME}}": "NAME таблицы",
    "{{Table_Name}}": "Name таблицы",
    "{{Table_action_code}}": "Код действия таблицы",
    "{{Table_and_panels}}": "Таблица и панели",
    "{{Table_break_before}}": "Table break before",
    "{{Table_categories}}": "Категории таблиц",
    "{{Table_contents}}": "Состав таблицы",
    "{{Table_fields_are_downloadedle_table-by-table}}": "Поля таблиц выгружаются потаблично",
    "{{Table_fields_are_exported_table-by-table}}": "Поля таблиц выгружаются потаблично",
    "{{Table_formatting}}": "Форматирование таблицы",
    "{{Table_icon}}": "Иконка таблицы",
    "{{Table_name}}": "Table name",
    "{{Table_only}}": "Только таблица",
    "{{Table_settings}}": "Настройки таблицы",
    "{{Table_title}}": "Название таблицы",
    "{{Table_type}}": "Тип таблицы",
    "{{Table_versions_in_cycles}}": "Версии таблиц в циклах",
    "{{Table_version}}": "Версия",
    "{{Tables_and_fields}}": "Таблицы и поля",
    "{{Tables_are_exported_as_separate_rows}}": "Таблицы выгружаются отдельными строками",
    "{{Tables_fields}}": "★ Состав таблиц",
    "{{Tables_with_a_single_cycle}}": "Таблицы с одним циклом",
    "{{Tables_with_full_access}}": "Таблицы с полным доступом",
    "{{Tables}}": "☆ Список таблиц",
    "{{Tabletext}}": "Tabletext",
    "{{Tabletitle}}": "Tabletitle",
    "{{Table}}": "Название таблицы",
    "{{Technical_description}}": "Техническое описание",
    "{{Technical_for_forms}}": "Технические для форм",
    "{{Technical_for_import\/export}}": "Технические для импорт\/экспорт",
    "{{Technical_for_notifications}}": "Технические для нотификаций",
    "{{Technical_for_tables}}": "Технические для таблиц",
    "{{Template_name}}": "Name шаблона",
    "{{Template_type}}": "Тип шаблона",
    "{{Templates}}": "Шаблоны",
    "{{Temporary_for_the_main}}": "Временные для главной",
    "{{Temporary}}": "Временная",
    "{{Text_in_p}}": "Текст",
    "{{Text_notification}}": "Текст нотификации",
    "{{Text_type_in_p}}": "Тип текста",
    "{{The_Creator_role_can_be_installed_only_by_a_user_with_the_Creator_role}}": "Роль Создатель может быть установлена только пользователем с ролью Создатель!",
    "{{The_Password_field_is_required}}": "Пароль обязательно должен быть заполнен",
    "{{The_height_of_the_field_cannot_be_less_than_35px}}": "Высота поля не может быть менее 35px",
    "{{The_log_is_available_for_roles}}": "Лог доступен ролям",
    "{{The_tree_is_built_using_the_one_table}}": "Дерево строится по одной таблице",
    "{{The_tree_is_matched}}": "Дерево сопоставлено",
    "{{The_update_file_has_been_added_to_the_Updates_table}}": "Файл обновления добавлен в таблицу «Обновления»",
    "{{The_update_file_was_created}}": "Файл обновления создан",
    "{{There_are_customized_panels}}": "Есть настроенные панели",
    "{{There_are_customized_parameters}}": "Есть настроенные параметры",
    "{{Thousands_separator_in_p}}": "Разделитель тысячных",
    "{{Thu}}": "Чт",
    "{{Tip_1}}": "Совет 1",
    "{{Tip_2}}": "Совет 2",
    "{{Tip_3}}": "Совет 3",
    "{{Title_in_export}}": "Название",
    "{{Title_in_settings}}": "Title",
    "{{Title}}": "Название",
    "{{To_a_lesser}}": "В меньшую сторону",
    "{{To_change_and_add}}": "Изменять и добавлять",
    "{{To_the_greater}}": "В большую сторону",
    "{{Total_calculation_time}}": "Общее время расчета",
    "{{Totum_documentation}}": "Документация Totum",
    "{{Totum_on_GitHub}}": "Totum на GitHub",
    "{{Tree_links}}": "Ссылки дерева",
    "{{Tree_replacements}}": "Замены дерева",
    "{{Tree_table_type}}": "Тип таблицы-дерева",
    "{{Tree}}": "Дерево",
    "{{Tue}}": "Вт",
    "{{Turn_off_all}}": "Выключить все",
    "{{Turn_on_all}}": "Включить все",
    "{{Turn_on}}": "Включить",
    "{{Type_of_cycle_access}}": "Тип доступа к циклам",
    "{{Type}}": "Тип",
    "{{UPLOAD_FILE}}": "ЗАГРУЗИТЬ ФАЙЛ",
    "{{UPLOAD_THE_FILE}}": "ЗАГРУЗИТЕ ФАЙЛ",
    "{{UPLOAD}}": "ЗАГРУЗИТЬ",
    "{{Uncheck_the_checkboxes_after_execution}}": "Снимать галочки после выполнения",
    "{{Unique_in_p}}": "Уникальное",
    "{{Update_uploading}}": "Загрузка обновления",
    "{{Updating_Adding_Fields}}": "Обновление\/Добавление полей",
    "{{Updating_table_properties}}": "Обновление свойств таблицы",
    "{{Upload_description}}": "Описание выгрузки",
    "{{Upload_title}}": "Название выгрузки",
    "{{Upload}}": "Загрузить",
    "{{User_log}}": "Лог по пользователю",
    "{{User_manager}}": "User manager",
    "{{User_notifications_management}}": "Управление нотификациями для пользователя",
    "{{User_settings_buttons}}": "Кнопки управления для пользователей",
    "{{User_settings}}": "Настройки пользователей",
    "{{Users_online}}": "Пользователи online",
    "{{Users}}": "Пользователи",
    "{{User}}": "Пользователь",
    "{{Validation_error_text}}": "Текст ошибки валидизации ввода",
    "{{Value_after_change}}": "Значение после изменения",
    "{{Values}}": "Значения",
    "{{Version_fields}}": "Поля этой версии",
    "{{Versions_of_the_calculation_tables}}": "Версии расчетных таблиц",
    "{{Version}}": "Версия",
    "{{View_data}}": "View data",
    "{{View_type}}": "View type",
    "{{Visible_for_API_roles}}": "Видно ролям API",
    "{{Visible_for_roles}}": "Видно ролям",
    "{{Warning_on_change_in_p}}": "Предупреждение при изменении",
    "{{Warning_text_in_p}}": "Текст предупреждения",
    "{{Weak}}": "Нестрогое",
    "{{Wed}}": "Ср",
    "{{Week_days}}": "Дни недели",
    "{{When_you_change_the_name_of_the_field_in_the_calculated_tables}}": "<b>ВНИМАНИЕ!<\/b><br><br>При изменении name полю в Расчетных таблицах данные в нем не сохраняются!<br><br>Если таблица расположена в цикле, то данные будут пересчитаны или утеряны в момент открытия или пересчета цикла кодом!<br><br>Для таблиц с версиями name будет изменен для ВСЕХ версий!",
    "{{Wholly}}": "Целиком",
    "{{Wide_in_p}}": "Широкая",
    "{{Width}}": "Ширина",
    "{{With_data}}": "С данными",
    "{{With_logging_in_p}}": "С логированием",
    "{{With_the_other_columns_selected}}": "При выделенных других колонках",
    "{{Without_a_boss}}": "Не указан",
    "{{Without_changes}}": "Без изменений",
    "{{Without_data}}": "Без данных",
    "{{Without_fields_data}}": "Без данных полей",
    "{{You_cannot_delete_the_default_version}}": "Нельзя удалять дефаултную версию",
    "{{You_received_this_email_because_you_registered_or_requested_password_recovery_at_the_service}}": "Вы получили это письмо, так как зарегистрировались или запросили восстановление пароля в сервисе",
    "{{You_should_enter_the_name_of_the_icon_without_fa-_from_the_fontawersome_4_set}}": "<p>Необходимо ввести название иконки без fa- из набора fontawersome 4: <a href=\"https:\/\/fontawesome.ru\/all-icons\/\" target=\"blank\">https:\/\/fontawesome.ru\/all-icons\/<\/a><\/p>",
    "{{already_exists}}": "уже существует",
    "{{business_database_for_non-programmers}}": "бизнес базе данных для непрограммистов.",
    "{{css}}": "css",
    "{{dates_format}}": "d.m.Y",
    "{{emailSend}}": "emailSend",
    "{{getFromScript}}": "getFromScript",
    "{{headers_body}}": "headers + body",
    "{{id_is_required}}": "id обязателен",
    "{{iframe_in_p}}": "iframe",
    "{{ip}}": "ip",
    "{{json}}": "json",
    "{{minutes}}": "минут",
    "{{min}}": "мин.",
    "{{notLoaded}}": "notLoaded",
    "{{notifications}}": "нотификаций",
    "{{numbers_format}}": "json`{\"thousandthSeparator\": \" \",\"dectimalSeparator\": \",\"}`",
    "{{of_table}}": "таблицы",
    "{{picture_name_picture_is_required}}": "picture_name — picture is required",
    "{{sec_in_settings}}": "сек.",
    "{{sec}}": "сек",
    "{{string}}": "string",
    "{{success_error}}": "success\/error",
    "{{tries}}": "попыток",
    "{{ttm__forms_sections_settings}}": "ttm__forms_sections_settings",
    "{{ttm__forms_viewtypes}}": "ttm__forms_viewtypes",
    "{{ttm__search_buttons_tmp}}": "ttm__search_buttons_tmp",
    "{{ttm__search_catalog}}": "ttm__search_catalog",
    "{{ttm__search_settings}}": "ttm__search_settings",
    "{{ttm__tmp_change_tree_links}}": "ttm__tmp_change_tree_links",
    "{{ttm_form_params_tmp}}": "ttm_form_params_tmp"
}