{
  "{{!_Disable}}": "！禁用",
  "{{ADD}}": "添加",
  "{{API_user}}": "API 用户",
  "{{API}}": "API",
  "{{Accepts_files_mime_type}}": "接受文件(mime 类型)",
  "{{Access_inside_cycles_to_read}}": "访问内部循环以读取",
  "{{Access_inside_the_cycles_to_write}}": "访问循环内写入",
  "{{Access_to_users_cycles}}": "访问用户周期",
  "{{Access}}": "使用权",
  "{{Action_available_on_viewing}}": "查看时可用的操作",
  "{{Action_code_in_p}}": "动作代码",
  "{{Action_in_log}}": "动作",
  "{{Action}}": "动作",
  "{{Activate_from}}": "激活于",
  "{{Active_from}}": "活跃于",
  "{{Active}}": "活跃",
  "{{Actuality_of_field_settings}}": "字段设置的相关性",
  "{{Actuality}}": "相关性",
  "{{Add_Change}}": "添加\/更改",
  "{{Add_calculation_tables}}": "添加计算表",
  "{{Add_change}}": "添加\/更改",
  "{{Add_tables_by_name}}": "按名称添加表",
  "{{Add_tables_by_title}}": "按标题添加表格",
  "{{Add_tables_inside_the_cycle?}}": "在循环内添加表？",
  "{{Add_versions_of_cycle_tables_used_in_cycles?}}": "添加循环中使用的循环表版本？",
  "{{Adding_a_version}}": "添加版本",
  "{{Adding_is_available_for_roles}}": "添加可用于角色",
  "{{Adding_rows}}": "添加行",
  "{{Adding_updating_data}}": "添加\/更新数据",
  "{{Adding}}": "添加",
  "{{Add}}": "添加",
  "{{Admin_notifications}}": "系统消息",
  "{{All_Roles}}": "所有角色",
  "{{All_access_users}}": "所有访问用户",
  "{{All_in_p_d}}": "全部",
  "{{All_in_p}}": "全部 (*ALL*)",
  "{{Allow_click_on_read_only}}": "允许在只读模式下操作",
  "{{Anchor}}": "锚",
  "{{Another_placement}}": "另一个位置",
  "{{Apr}}": "四月",
  "{{Are_you_sure?}}": "你确定吗？",
  "{{Are_you_sure_about_uploading?}}": "你确定要上传吗？",
  "{{Are_you_sure_to_change_it}}": "你确定要更改吗？",
  "{{Aug}}": "八月",
  "{{Authorization_time}}": "授权时间",
  "{{Authorizations}}": "授权",
  "{{Auto_recalculation_by_default}}": "默认自动重新计算",
  "{{Automatic_recalculation}}": "自动重新计算",
  "{{BY_DEFAULT}}": "默认情况下",
  "{{Bar_chart}}": "柱状图",
  "{{Bar_with_a_linear}}": "柱状与线性图",
  "{{Bar_with_accumulation}}": "柱状堆积图",
  "{{Bar_with_two_axes}}": "两轴柱状图",
  "{{BaseField_different_from_id}}": "id 以外的 BaseField",
  "{{Base_version}}": "基础版",
  "{{Block_in_forms}}": "阻塞",
  "{{Blocking_in_autoriz}}": "阻塞",
  "{{Blocking_time}}": "阻塞时间",
  "{{Block}}": "阻塞",
  "{{Border}}": "边界",
  "{{Boss}}": "老板",
  "{{Branch}}": "分支",
  "{{Button_in_p}}": "按钮",
  "{{Button_text_in_p}}": "按钮文字",
  "{{By_default}}": "默认情况下",
  "{{CHANGE_NAME}}": "更改名称",
  "{{CHANGE}}": "更改",
  "{{CHECK}}": "查看",
  "{{CORE_Fields_settings_of_the_Tables_Fields}}": "CORE：表格字段的字段设置",
  "{{CORE_Table_and_fields_data_from_the_Tables}}": "CORE：表格中的表格和字段数据",
  "{{CORE_Tables_fields_settings}}": "CORE：表格字段设置",
  "{{CORE_setting_fields_of_Tables_Fields}}": "CORE：设置表字段的字段",
  "{{CORE_setting_the_fields_of_the_Tables}}": "CORE：设置表格的字段",
  "{{CORE_table_and_fields_data_from_Tables}}": "CORE：来自 Tables 的表和字段数据",
  "{{CREATE_AN_EXPORT}}": "创建导出",
  "{{CREATE_BY_CURRENT_SETTINGS}}": "按当前设置创建",
  "{{CREATE_DOWNLOAD}}": "创建下载",
  "{{CSS}}": "CSS",
  "{{Calculated_in_cycle}}": "循环计算",
  "{{Calculated_in_tree}}": "在树中计算",
  "{{Calculation_order_in_tree}}": "树中的计算顺序",
  "{{Call_user}}": "呼叫用户",
  "{{Cannot_add_a_field_for_a_calculation_table_in_cycle_without_a_version}}": "没有版本的循环中无法为计算表添加字段",
  "{{Cannot_add_a_field_with_version_for_a_table_not_in_a_cycle}}": "无法为不在循环中的表添加带有版本的字段",
  "{{Categories_assigned}}": "分配的种类",
  "{{Categories}}": "种类",
  "{{Category_replacements}}": "类别替换",
  "{{Category}}": "类别",
  "{{Change_and_add}}": "更改和添加",
  "{{Change_email}}": "更改电子邮件",
  "{{Change_field_NAME}}": "更改字段名称",
  "{{Change_fields_list}}": "更改字段列表",
  "{{Change_in_export}}": "更改",
  "{{Change_in_logs}}": "更改",
  "{{Change_password}}": "更改密码",
  "{{Change_time}}": "更改时间",
  "{{Changing_field_name}}": "更改字段名称",
  "{{Changing_the_list_of_downloadable_table_data_fields}}": "更改可下载表格数据字段的列表",
  "{{Changing_the_list_of_downloadable_table_fields}}": "更改可下载表格字段的列表",
  "{{Changing_the_list_of_downloadable_table_settings}}": "更改可下载表格设置的列表",
  "{{Changing_the_list_of_exporting_table_fields}}": "更改导出表字段的列表",
  "{{Changing_the_list_of_extractable_table_fields}}": "更改可下载表格字段的列表",
  "{{Changing_the_list_of_loadable_table_fields}}": "更改可加载表字段的列表",
  "{{Changing_the_list_of_uploadable_table_settings}}": "更改可上传表格设置的列表",
  "{{Changing_the_list_of_uploaded_data_of_system_tables}}": "修改系统表上传数据列表",
  "{{Changing_tree_links}}": "更改树链接",
  "{{Changing_your_email}}": "更改您的电子邮件",
  "{{Changing_your_password}}": "更改密码",
  "{{Chart_in_p}}": "图表",
  "{{Chart_settings}}": "图表设置",
  "{{Chart_type_in_p}}": "图表类型",
  "{{Charts}}": "图表",
  "{{Check_Select_values_on_server}}": "验证服务器上输入的值",
  "{{Checkbox_in_p}}": "复选框",
  "{{Check}}": "查看",
  "{{Click_here_to_disable_the_admin_interface}}": "单击此处禁用管理界面",
  "{{Close_the_window_after_execution}}": "执行后关闭窗口",
  "{{Code_format}}": "代码格式",
  "{{Code_in_crons}}": "代码",
  "{{Code_in_export}}": "代码",
  "{{Code_in_params}}": "代码",
  "{{Code_name}}": "代码名称",
  "{{Code_when_duplicating_from_the_web_interface}}": "从 Web 界面复制时的代码",
  "{{Code}}": "代码",
  "{{Column-by-column_recalculation}}": "逐列重新计算",
  "{{Column_width_when_rotated}}": "旋转时的列宽",
  "{{Column}}": "栏",
  "{{Comments_in_p}}": "评论",
  "{{Conditional_cell_formatting}}": "条件单元格格式",
  "{{Configuring_panel_view}}": "配置面板视图",
  "{{Context_panel_width}}": "上下文面板宽度",
  "{{Copy_values_when_duplicating}}": "复制时复制值",
  "{{Create_by_current_settings}}": "按当前设置创建",
  "{{Create_download_file}}": "创建下载文件",
  "{{Create_new}}": "==新建==",
  "{{Create_update}}": "创建更新",
  "{{Creator}}": "创建人",
  "{{Crones}}": "冠",
  "{{Current_window}}": "当前窗口",
  "{{Customizing_panel_table_view}}": "自定义面板表视图",
  "{{Cycle_id}}": "周期编号",
  "{{Cycles_table}}": "循环表",
  "{{Cycles_with_this_version_of_the_table_exist_Move_the_tables_to_the_new_version}}": "存在具有此版本表的循环。将表格移至新版本",
  "{{Cycles}}": "循环",
  "{{Cycle}}": "循环",
  "{{DATA}}": "数据",
  "{{Data_1}}": "数据 1",
  "{{Data_2}}": "数据 2",
  "{{Data_3_right_axis}}": "数据 3 (右轴)",
  "{{Data_3}}": "数据 3",
  "{{Data_for_charts}}": "Data_for_charts",
  "{{Data_in_p}}": "数据",
  "{{Date_Time}}": "日期时间",
  "{{Date_from}}": "日期从",
  "{{Date_in_p}}": "日期",
  "{{Date_time_interface_output_format}}": "日期\/时间接口输出格式",
  "{{Date_to}}": "日期至",
  "{{Dates_format}}": "日期格式",
  "{{Date}}": "日期",
  "{{Days_of_month}}": "一个月的几天",
  "{{Decimal_places_in_p}}": "小数位",
  "{{Decimal_separator_in_p}}": "小数分隔符",
  "{{Decoration_color_in_p}}": "突出颜色",
  "{{Dec}}": "十二月",
  "{{Default_settings}}": "默认设置",
  "{{Default_sort}}": "默认排序",
  "{{Default_table}}": "默认表",
  "{{Default_value_in_p}}": "默认值",
  "{{Default_version}}": "默认版本",
  "{{Default_width_px}}": "默认宽度，px",
  "{{Delete}}": "删除",
  "{{Deleting_rows_type}}": "删除行类型",
  "{{Deleting}}": "删除",
  "{{Description_in_settings}}": "描述",
  "{{Description}}": "描述",
  "{{Disabled}}": "已禁用",
  "{{Display_for_empty_value}}": "选择具有空值的标题",
  "{{Display_in_another_place}}": "显示在其他地方",
  "{{Display_path_in_the_cell}}": "在单元格中显示路径",
  "{{Displayed_sort}}": "显示顺序",
  "{{Displaying_multiple_selection_in_a_cell}}": "在单元格中显示多项选择",
  "{{Do_not_add}}": "不要添加",
  "{{Do_not_block}}": "不要阻塞",
  "{{Double-click_the_left_mouse_button_to_open_the_fields_for_editing}}": "双击鼠标左键打开字段进行编辑",
  "{{Download_all_in_p}}": "全部下载",
  "{{Download_file}}": "下载文件",
  "{{Download_title}}": "下载标题",
  "{{Downloadable}}": "可下载",
  "{{Downloading_wholly}}": "完全下载",
  "{{Download}}": "下载创建",
  "{{Duplicate_file_on_copying}}": "复制时重复文件",
  "{{Duplicating_rows}}": "复制行",
  "{{Duplication_from_the_interface_is_prohibited}}": "禁止从接口复制",
  "{{EXECUTE_CODE}}": "执行代码",
  "{{Editable_in_API}}": "可在 API 中编辑",
  "{{Editable_in_WEB}}": "可在 WEB 中编辑",
  "{{Editing_in_API_is_available_for_roles}}": "API 中的编辑可用于角色",
  "{{Editing_is_available_for_roles}}": "编辑可用于角色",
  "{{Editing_when_adding_in_the_API}}": "在 API 中添加时进行编辑",
  "{{Editing_when_adding_in_the_WEB}}": "在 WEB 中添加时的编辑",
  "{{Element}}": "元素",
  "{{Email}}": "电子邮件",
  "{{Empty_in_p_d}}": "空的",
  "{{Empty_in_p}}": "空的 ()",
  "{{Enable_button_in_the_addition_row}}": "添加行中的启用按钮",
  "{{Enabled}}": "启用",
  "{{Ending_in_p}}": "最终",
  "{{Enter_the_correct_email_in_small_letters}}": "用小写字母输入正确的电子邮件",
  "{{Enter_your_current_password}}": "输入当前密码",
  "{{Entered_data}}": "输入数据",
  "{{Error_text}}": "错误文本",
  "{{Error_writing_to_the_modified_table}}": "写入修改后的表时出错",
  "{{Execute_code_only_when_adding}}": "仅在添加时执行代码",
  "{{Execute_now}}": "立即执行",
  "{{Execute_the_action_on_adding}}": "执行添加操作",
  "{{Execute_the_action_on_changed}}": "对更改执行操作",
  "{{Execute_the_action_on_click}}": "执行点击操作",
  "{{Execute_the_action_on_deleted}}": "对已删除执行操作",
  "{{Expected_format}}": "预期格式",
  "{{Export_description}}": "导出说明",
  "{{Exported_wholly}}": "全部导出",
  "{{Export}}": "导出",
  "{{Extra_wide_in_p}}": "超宽",
  "{{FIELDS}}": "字段",
  "{{FILL_ROLES}}": "填充角色",
  "{{FILL_TREE}}": "填充树",
  "{{Favicon}}": "网站图标",
  "{{Favorite_tables}}": "最喜欢的桌子",
  "{{Feb}}": "二月",
  "{{Field_NAME_only_small_Latin_letters,_numbers_and_underscore_from_3_to_30_characters}}": "字段 NAME 仅包含 3 到 30 个小拉丁字母、数字和下划线字符。",
  "{{Field_NAME}}": "字段名称",
  "{{Field_Name_in_the_rows_part}}": "行内部分中的字段名称",
  "{{Field_data}}": "现场数据",
  "{{Field_description}}": "字段说明",
  "{{Field_filter_in_p}}": "按字段过滤",
  "{{Field_list}}": "字段列表",
  "{{Field_name_for_bfield}}": "bfield 的字段名称",
  "{{Field_sets}}": "字段集",
  "{{Field_settings}}": "字段设置",
  "{{Field_title}}": "字段标题",
  "{{Field_type}}": "字段类型",
  "{{Fields_calculation_time}}": "字段计算时间",
  "{{Fields_data}}": "字段数据",
  "{{Fields}}": "字段",
  "{{Field}}": "字段",
  "{{File_in_p}}": "文件",
  "{{Filename_with_hash_at_the_end}}": "以hash结尾的文件名",
  "{{File}}": "文件",
  "{{Fill_in_the_categories}}": "填写类别",
  "{{Fill_in}}": "==填写==",
  "{{Fill_the_roles}}": "填写角色",
  "{{Fill_the_tree}}": "填写树",
  "{{Filters}}": "过滤器",
  "{{Folders_can_be_selected}}": "可以选择文件夹",
  "{{Folder}}": "文件夹",
  "{{Footer}}": "页脚",
  "{{For_all}}": "对全部",
  "{{Formatting_for_tree_folders}}": "树文件夹格式代码",
  "{{Forms_TTM}}": "表格 TTM",
  "{{Forms}}": "表格",
  "{{Frequency_of_checking_notifications}}": "通知检查的频率",
  "{{Fri}}": "周五",
  "{{From_another_table}}": "根据另一张表",
  "{{From_end_to_root}}": "首先是底层",
  "{{From_root_to_end}}": "首先是上层",
  "{{From_this_table}}": "从这张表",
  "{{Group_change_in_p}}": "组变更",
  "{{HTML_on_the_homepage}}": "主页上的 HTML",
  "{{HTML}}": "HTML",
  "{{Header}}": "标题",
  "{{Height}}": "高度",
  "{{Hidden_by_default}}": "默认隐藏",
  "{{Hide_Add_button}}": "隐藏添加按钮",
  "{{Hide_Creators_APIs_and_Technical}}": "隐藏创作者、API 和技术",
  "{{Hide_from_tree}}": "在树中隐藏",
  "{{Hide_in_kanban}}": "隐藏",
  "{{Hide_teh_plate}}": "隐藏技术板",
  "{{Hide}}": "隐藏",
  "{{Hold_down_the_left_mouse_button_and_drag_to_scroll_through_the_wide_table}}": "按住鼠标左键并拖动以滚动宽表",
  "{{Hours}}": "小时",
  "{{Icon}}": "图标",
  "{{Id_matching_at_startup}}": "启动时的 ID 匹配",
  "{{If_you_didn't_do_it,_delete_this_email}}": "如果您没有这样做，请删除此电子邮件。",
  "{{Import\/Export}}": "导入\/导出",
  "{{Import\/export}}": "导入\/导出",
  "{{Important_message}}": "重要讯息",
  "{{Impossible_to_add}}": "无法添加",
  "{{In_cycle}}": "循环中",
  "{{In_the_current_scheme}}": "在目前的方案中",
  "{{In_the_cycle}}": "在循环中",
  "{{In_the_header}}": "在标题中",
  "{{Incoming}}": "传入",
  "{{Incorrect_login_password}}": "无效的用户名/密码",
  "{{Indexes}}": "索引",
  "{{Individual_calculation_for_each_row}}": "每行单独计算",
  "{{Input_title_here}}": "在此处输入字段标题",
  "{{Input_validation_format_regexp}}": "输入验证格式（正则表达式）",
  "{{Interface}}": "界面",
  "{{Interval_in_p}}": "间隔",
  "{{Jan}}": "一月",
  "{{Jul}}": "七月",
  "{{Jun}}": "六月",
  "{{Kanban_colors}}": "看板颜色",
  "{{Kanban_field}}": "看板字段",
  "{{Kanban_html_code}}": "看板html代码",
  "{{Kanban_html_height}}": "看板html高度",
  "{{Kanban_html_type}}": "看板html类型",
  "{{Key_fields}}": "Key字段",
  "{{Label_for_the_All_option_ALL}}": "All 选项的标签 (*ALL*)",
  "{{Label_for_the_Empty_option}}": "空选项的标签 ()",
  "{{Label_for_the_Nothing_in_p}}": "无选项的标签 (*NONE*) ",
  "{{Last_activity_date}}": "上次活动日期",
  "{{Last_activity}}": "上次活动",
  "{{Latest}}": "最新的",
  "{{Limiting_the_visibility_of_text_in_the_web}}": "限制网络中文本的可见性",
  "{{Linear_with_accumulation}}": "线性累积",
  "{{Linear_with_two_axes}}": "两轴线性",
  "{{Linear}}": "线性",
  "{{Link_in_p}}": "链接",
  "{{Links}}": "链接",
  "{{Link}}": "链接",
  "{{List_of_export_id}}": "导出列表",
  "{{List_of_values_in_p}}": "列表的值",
  "{{Logging_of_external_calls_and_errors}}": "记录外部调用和错误",
  "{{Login_page}}": "登录页面：",
  "{{Login}}": "登录",
  "{{Made_by}}": "由制成",
  "{{Main_field}}": "主要领域",
  "{{Main_icon}}": "主图标",
  "{{Main}}": "主要的",
  "{{Make_the_click_as_a_URL}}": "将点击设为 URL",
  "{{Management_in_the_version_table}}": "版本表中的管理",
  "{{Manual_Select_creation}}": "手动选择创建",
  "{{Mar}}": "三月",
  "{{Match_existings}}": "匹配现有",
  "{{Matched}}": "用于匹配",
  "{{Matches_name}}": "匹配名称",
  "{{Math}}": "数学",
  "{{Maximum_number_of_output_items}}": "最大输出项数",
  "{{Maximum_number_of_panels}}": "最大面板数量",
  "{{May}}": "可能",
  "{{Measurement_unit_in_p}}": "计量单位",
  "{{MeiliSearch}}": "MeiliSearch",
  "{{Message}}": "信息",
  "{{Minutes_online}}": "分钟 - 在线",
  "{{Minutes}}": "分钟",
  "{{Money_format}}": "货币格式",
  "{{Months}}": "几个月",
  "{{Mon}}": "星期一",
  "{{Multiple_Values}}": "多个值",
  "{{N_type}}": "N 类型",
  "{{Name_in_crones}}": "名称",
  "{{Name_in_export}}": "名称",
  "{{Name_in_forms}}": "名称",
  "{{Name_in_remotes}}": "名称",
  "{{Name_in_users}}": "名称",
  "{{Need_to_define_a_picture_name_in_the_preview}}": "需要在预览中定义一个picture_name",
  "{{New_NAME}}": "新名字",
  "{{New_branch}}": "新分支",
  "{{New_role}}": "新角色",
  "{{New_table}}": "新表",
  "{{New_type}}": "新型",
  "{{New_window}}": "新窗户",
  "{{Next_b_in_stgs}}": "下一个",
  "{{No_one_sees_except_the_creator}}": "除了创造者没有人看到",
  "{{No_settings}}": "无设置",
  "{{None_of_the_parameters_is_required}}": "不需要任何参数",
  "{{None}}": "没有任何",
  "{{Normal_editable_file}}": "普通可编辑文件",
  "{{Not_available}}": "无法使用",
  "{{Not_connected_to_API}}": "未连接到 API",
  "{{Not_downloading}}": "不下载",
  "{{Not_to_compare_by_key}}": "不按关键字比较",
  "{{Not_to_match}}": "==不匹配==",
  "{{Not_uploading}}": "不上传",
  "{{Not_use}}": "不使用",
  "{{Nothing_NONE_in_p}}": "无 (*NONE*)",
  "{{Nothing_in_p_d}}": "无",
  "{{Notification_adding}}": "通知添加",
  "{{Notification_codes}}": "通知代码",
  "{{Notification_limit}}": "通知限制",
  "{{Notifications}}": "通知",
  "{{Nov}}": "十一月",
  "{{Number_in_p}}": "数字",
  "{{Number_of_times_execution}}": "执行次数",
  "{{Number_of_tries}}": "尝试次数",
  "{{Number_of_values_in_p}}": "值的数量",
  "{{Numbers_format}}": "Numbers_format",
  "{{OFF}}": "OFF",
  "{{OG_Description}}": "OG 说明",
  "{{OG_Title}}": "OG 标题",
  "{{OG_image}}": "OG图片",
  "{{OK_in_autoriz}}": "OK",
  "{{ON}}": "ON",
  "{{OPEN}}": "打开",
  "{{Oct}}": "十月",
  "{{Old_NAME}}": "旧名称",
  "{{On_in_users}}": "On",
  "{{On_off}}": "开关",
  "{{Only_add}}": "只添加",
  "{{Only_change}}": "只改变",
  "{{Only_for_additions}}": "仅用于添加行",
  "{{Only_if_you_know_what_you_are_doing}}": "只有当你知道你在做什么！",
  "{{Only_to_add}}": "只能添加",
  "{{Only_to_change}}": "只为改变",
  "{{On}}": "On",
  "{{Open_all_in_p}}": "打开所有",
  "{{Open_context_panel_in_p}}": "打开上下文面板",
  "{{Open_in}}": "打开",
  "{{Operation}}": "运营",
  "{{Order_by_N-field}}": "按 N 字段排序",
  "{{Order_field}}": "订单字段",
  "{{Other_name_in_p}}": "其他名字",
  "{{Other_peoples_cycles_are_visible_in_the_cycle_table}}": "其他人的周期在周期表中可见",
  "{{Other_sort_in_p}}": "其他种类",
  "{{Outside_the_tree}}": "在树外面",
  "{{PRESS_ME}}": "点我",
  "{{PRO_secured_file_access}}": "PRO 安全文件访问",
  "{{PRO}}": "专业版",
  "{{Page}}": "页",
  "{{Pagination}}": "分页",
  "{{Panel_code_in_p}}": "面板代码",
  "{{Panel_color_in_p}}": "面板颜色",
  "{{Panel_view}}": "面板视图",
  "{{Panels_first}}": "面板优先",
  "{{Panels_in_Kanban}}": "看板中的面板",
  "{{Panels_only}}": "仅限面板",
  "{{Panel}}": "控制板",
  "{{Parameters}}": "参数",
  "{{Parent_field_name}}": "父字段名称",
  "{{Parent}}": "父",
  "{{Password_in_p}}": "密码",
  "{{Password_is_wrong}}": "密码错误",
  "{{Password}}": "密码",
  "{{Path_code}}": "路径代码",
  "{{Pie_chart_with_the_legend_on_the_right}}": "右侧带有图例的饼形图",
  "{{Pie_chart}}": "饼形图",
  "{{Pin}}": "别针",
  "{{Placement}}": "放置",
  "{{Position_in_the_tree}}": "在树中的位置",
  "{{Postfix_in_p}}": "后缀",
  "{{Prefilter}}": "预过滤器",
  "{{Prefix_in_p}}": "字首",
  "{{Print_templates}}": "打印模板",
  "{{Print_whole_text}}": "打印全文",
  "{{Priority_of_additions}}": "添加的优先级",
  "{{Priority}}": "优先事项",
  "{{Processed}}": "处理过的",
  "{{Process}}": "过程",
  "{{Read-only_tables}}": "只读表",
  "{{Recalculation_on_N-order_change}}": "重新排序时重新计算",
  "{{RegExp_value_when_for_display_a_warning}}": "显示警告时的正则表达式值",
  "{{Register_or_restore_your_password_at}}": "在以下位置注册或恢复您的密码",
  "{{Remotes_user}}": "远程用户",
  "{{Remotes}}": "远程",
  "{{Requests_via_getFromSoap}}": "通过 getFromSoap 请求",
  "{{Required_in_p}}": "必需的",
  "{{Reset_to_calculated}}": "重置为计算",
  "{{Restore_in_logs}}": "恢复",
  "{{Restore_password_by_email}}": "通过电子邮件恢复密码",
  "{{Return}}": "返回",
  "{{Reverse_order}}": "相反的顺序",
  "{{Role_access_to_add}}": "要添加的角色访问权限",
  "{{Role_access_to_change_N-order}}": "更改 N 阶的角色访问权限",
  "{{Role_access_to_delete}}": "要删除的角色访问权限",
  "{{Role_access_to_duplicate}}": "角色访问副本",
  "{{Role_access_to_recovery}}": "角色访问恢复",
  "{{Role_title}}": "角色名称",
  "{{Roles_are_matched}}": "角色匹配",
  "{{Roles_hide_in_the_tree}}": "角色«隐藏在树中»",
  "{{Roles_in_users}}": "角色",
  "{{Roles_not_selected}}": "未选择角色",
  "{{Roles_replacements}}": "角色替换",
  "{{Roles_to_change}}": "要改变的角色",
  "{{Roles_to_read}}": "读取角色",
  "{{Roles_with_CSV_access}}": "具有 CSV 访问权限的角色",
  "{{Roles_with_CSV_editing}}": "具有 CSV 编辑功能的角色",
  "{{Roles}}": "角色",
  "{{Round_in_p}}": "四舍五入",
  "{{Rounding_step}}": "四舍五入步骤，",
  "{{Row_deletion_timer}}": "删除行计时器",
  "{{Row_format}}": "行格式",
  "{{Row_management}}": "行管理",
  "{{Rows_data_intervals}}": "行数据间隔",
  "{{Row}}": "行",
  "{{SAVE}}": "节省",
  "{{SECTION_SETTINGS}}": "部分设置",
  "{{SEE}}": "看",
  "{{SETTINGS}}": "设置",
  "{{Salt_for_anonymous_tables}}": "匿名表的 Salt",
  "{{Sat}}": "星期六",
  "{{Save_but_in_stgs}}": "保存",
  "{{Save_settings}}": "保存设置",
  "{{Save}}": "保存",
  "{{Scheme_header}}": "方案头",
  "{{Scheme_settings}}": "方案设置",
  "{{Section_in_the_tree}}": "树中的部分",
  "{{Section_settings}}": "部分设置",
  "{{Section_statuses_code}}": "部分状态代码",
  "{{Section_title_in_p}}": "章节标题",
  "{{Section_title}}": "章节标题",
  "{{Sections}}": "部分",
  "{{Section}}": "部分",
  "{{See}}": "看",
  "{{Select-tree_in_p}}": "选择树",
  "{{Select_code_in_p}}": "选择代码",
  "{{Select_in_p}}": "选择",
  "{{Select_table_for_change}}": "选择要更改的表",
  "{{Select_the_table_to_add_to_the_download}}": "选择要添加到下载的表格",
  "{{Select_the_tables_to_add_to_the_export}}": "选择要添加到导出的表",
  "{{Separator_for_multiple_values}}": "多个值的分隔符",
  "{{Sep}}": "九月",
  "{{Settings_and_Crones}}": "设置和克隆",
  "{{Settings_in_p}}": "设置",
  "{{Settings}}": "设置",
  "{{Show_at_the_order_location_on_adding}}": "添加时显示在订单位置",
  "{{Show_dropdown_menu}}": "显示下拉菜单",
  "{{Show_in_API}}": "在 API 中显示",
  "{{Show_in_WEB}}": "在 WEB 中显示",
  "{{Show_in_kanban}}": "显示",
  "{{Show_string_as_URL}}": "将字符串显示为 URL",
  "{{Show_unit_before_value}}": "在值之前显示单位",
  "{{Show}}": "显示",
  "{{Similar_to_Deletion_access}}": "类似于 删除访问",
  "{{Simple}}": "简单的",
  "{{Sorting_in_the_tree}}": "在树中排序",
  "{{Sort}}": "种类",
  "{{Start_from_a_new_line}}": "从新行开始",
  "{{Starting_in_p}}": "开始",
  "{{State}}": "状态",
  "{{Status_in_autoriz}}": "地位",
  "{{Status}}": "地位",
  "{{String_in_p}}": "字符串",
  "{{Strong}}": "严格的",
  "{{Structure_of_the_table_for_log_output}}": "日志输出表的结构",
  "{{Styles}}": "风格",
  "{{Sudo}}": "Sudo",
  "{{Sun}}": "星期天",
  "{{System_credentials}}": "系统凭据",
  "{{System_in_logs}}": "系统",
  "{{System_tables}}": "系统表",
  "{{System}}": "系统",
  "{{TABLE_CANNOT_BE_ADDED}}": "!!!无法添加表格!!!",
  "{{THE_FIELD_WITH_THIS_NAME_EXISTS_IN_THIS_TABLE}}": "此表中存在具有此名称的字段",
  "{{TOTUM}}": "TOTUM",
  "{{TURN_ALL_ON}}": "全部开启",
  "{{TURN_OFF_ALL}}": "全部关闭",
  "{{Table_NAME_only_small_Latin_letters}}": "表 NAME 仅包含 3 到 30 个小拉丁字母、数字和下划线字符。",
  "{{Table_NAME}}": "表名称",
  "{{Table_Name}}": "表名",
  "{{Table_action_code}}": "表操作代码",
  "{{Table_and_panels}}": "桌子和面板",
  "{{Table_break_before}}": "桌前休息",
  "{{Table_categories}}": "表类别",
  "{{Table_contents}}": "表格内容",
  "{{Table_fields_are_downloadedle_table-by-table}}": "表字段逐表下载",
  "{{Table_fields_are_exported_table-by-table}}": "表字段逐表导出",
  "{{Table_formatting}}": "表格格式",
  "{{Table_icon}}": "表格图标",
  "{{Table_name}}": "表名",
  "{{Table_only}}": "仅表",
  "{{Table_settings}}": "表设置",
  "{{Table_title}}": "表格标题",
  "{{Table_type}}": "表类型",
  "{{Table_versions_in_cycles}}": "循环中的表格版本",
  "{{Table_version}}": "版本",
  "{{Tables_and_fields}}": "表格和字段",
  "{{Tables_are_exported_as_separate_rows}}": "表格导出为单独的行",
  "{{Tables_fields}}": "★ 表格字段",
  "{{Tables_with_a_single_cycle}}": "单循环表",
  "{{Tables_with_full_access}}": "具有完全访问权限的表",
  "{{Tables}}": "☆ 表",
  "{{Tabletext}}": "表格文本",
  "{{Tabletitle}}": "表标题",
  "{{Table}}": "桌子",
  "{{Technical_description}}": "技术说明",
  "{{Technical_for_forms}}": "表格技术",
  "{{Technical_for_import\/export}}": "进口/出口技术",
  "{{Technical_for_notifications}}": "通知技术",
  "{{Technical_for_tables}}": "表格技术",
  "{{Template_name}}": "模板名称",
  "{{Template_type}}": "模板类型",
  "{{Templates}}": "模板",
  "{{Temporary_for_the_main}}": "临时为主",
  "{{Temporary}}": "暂时的",
  "{{Text_in_p}}": "文本",
  "{{Text_notification}}": "文字通知",
  "{{Text_type_in_p}}": "文字类型",
  "{{The_Creator_role_can_be_installed_only_by_a_user_with_the_Creator_role}}": "Creator 角色只能由具有 Creator 角色的用户安装！",
  "{{The_Password_field_is_required}}": "密码字段是必需的",
  "{{The_height_of_the_field_cannot_be_less_than_35px}}": "字段高度不能小于 35px",
  "{{The_log_is_available_for_roles}}": "日志可用于角色",
  "{{The_tree_is_built_using_the_one_table}}": "树是使用一张表构建的",
  "{{The_tree_is_matched}}": "树匹配",
  "{{The_update_file_has_been_added_to_the_Updates_table}}": "更新文件已添加到«更新»表",
  "{{The_update_file_was_created}}": "更新文件已创建",
  "{{There_are_customized_panels}}": "有定制面板",
  "{{There_are_customized_parameters}}": "有自定义参数",
  "{{Thousands_separator_in_p}}": "千位分隔符",
  "{{Thu}}": "星期四",
  "{{Tip_1}}": "提示 1",
  "{{Tip_2}}": "提示 2",
  "{{Tip_3}}": "提示 3",
  "{{Title_in_export}}": "标题",
  "{{Title_in_settings}}": "标题",
  "{{Title}}": "标题",
  "{{To_a_lesser}}": "对一个较小的",
  "{{To_change_and_add}}": "更改和添加",
  "{{To_the_greater}}": "向更大的",
  "{{Total_calculation_time}}": "总计算时间",
  "{{Totum_documentation}}": "Totum文档",
  "{{Totum_on_GitHub}}": "GitHub 上的Totum",
  "{{Tree_links}}": "树链接",
  "{{Tree_replacements}}": "树替换",
  "{{Tree_table_type}}": "树表类型",
  "{{Tree}}": "树",
  "{{Tue}}": "周二",
  "{{Turn_off_all}}": "全部关闭",
  "{{Turn_on_all}}": "全部开启",
  "{{Turn_on}}": "打开",
  "{{Type_of_cycle_access}}": "循环访问类型",
  "{{Type}}": "类型",
  "{{UPLOAD_FILE}}": "上传文件",
  "{{UPLOAD_THE_FILE}}": "上传文件",
  "{{UPLOAD}}": "上传",
  "{{Uncheck_the_checkboxes_after_execution}}": "执行后取消选中复选框",
  "{{Unique_in_p}}": "独特",
  "{{Update_uploading}}": "更新上传",
  "{{Updating_Adding_Fields}}": "更新\/添加字段",
  "{{Updating_table_properties}}": "更新表属性",
  "{{Upload_description}}": "上传说明",
  "{{Upload_title}}": "上传标题",
  "{{Upload}}": "上传",
  "{{User_log}}": "用户日志",
  "{{User_manager}}": "用户管理员",
  "{{User_notifications_management}}": "用户通知管理",
  "{{User_settings_buttons}}": "用户设置按钮",
  "{{User_settings}}": "用户设置",
  "{{Users_online}}": "用户在线",
  "{{Users}}": "用户",
  "{{User}}": "用户",
  "{{Validation_error_text}}": "验证错误文本",
  "{{Value_after_change}}": "改变后的价值",
  "{{Values}}": "价值观",
  "{{Version_fields}}": "此版本的字段",
  "{{Versions_of_the_calculation_tables}}": "计算表的版本",
  "{{Version}}": "版本",
  "{{View_data}}": "查看数据",
  "{{View_type}}": "查看类型",
  "{{Visible_for_API_roles}}": "对 API 角色可见",
  "{{Visible_for_roles}}": "对角色可见",
  "{{Warning_on_change_in_p}}": "变更警告",
  "{{Warning_text_in_p}}": "警告文字",
  "{{Weak}}": "弱",
  "{{Wed}}": "星期三",
  "{{Week_days}}": "工作日",
  "{{When_you_change_the_name_of_the_field_in_the_calculated_tables}}": "当您更改<b>注意的名称时!<\/b><br><br>当您更改计算表中的字段名称时，其中的数据不会保存!<br><br>如果 表位于一个循环中，在循环打开或代码重新计算的那一刻，数据将被重新计算或丢失!<br><br>对于具有版本的表，所有版本的名称都将更改！",
  "{{Wholly}}": "完全",
  "{{Wide_in_p}}": "宽的",
  "{{Width}}": "宽度",
  "{{With_data}}": "有数据",
  "{{With_logging_in_p}}": "带日志记录",
  "{{With_the_other_columns_selected}}": "选择其他列",
  "{{Without_a_boss}}": "没有老板",
  "{{Without_changes}}": "无变化",
  "{{Without_data}}": "没有数据",
  "{{Without_fields_data}}": "没有字段数据",
  "{{You_cannot_delete_the_default_version}}": "您不能删除默认版本",
  "{{You_received_this_email_because_you_registered_or_requested_password_recovery_at_the_service}}": "您收到这封电子邮件是因为您在服务中注册或请求恢复密码",
  "{{You_should_enter_the_name_of_the_icon_without_fa-_from_the_fontawersome_4_set}}": "<p>您应该输入来自 fontawesome 4 集的不带 fa- from的名称: <a href=\"https:\/\/fontawesome.com\/v4\/icons\/\" target=\"blank\">https:\/\/fontawesome.com\/v4\/icons\/<\/a><\/p>",
  "{{already_exists}}": "已经存在",
  "{{business_database_for_non-programmers}}": "非程序员的业务数据库.",
  "{{css}}": "css",
  "{{dates_format}}": "m\/d\/Y",
  "{{emailSend}}": "电子邮件发送",
  "{{getFromScript}}": "getFromScript",
  "{{headers_body}}": "标题+正文",
  "{{id_is_required}}": "身份证件是必填项",
  "{{iframe_in_p}}": "框架",
  "{{ip}}": "ip",
  "{{json}}": "json",
  "{{minutes}}": "分钟",
  "{{min}}": "分钟。",
  "{{notLoaded}}": "未加载",
  "{{notifications}}": "通知",
  "{{numbers_format}}": "json`{\"thousandthSeparator\": \",\",\"dectimalSeparator\": \".\"}`",
  "{{of_table}}": "表的",
  "{{picture_name_picture_is_required}}": "图片名称 - 图片是必需的",
  "{{sec_in_settings}}": "秒.",
  "{{sec}}": "秒",
  "{{string}}": "细绳",
  "{{success_error}}": "成功\/错误",
  "{{tries}}": "尝试",
  "{{ttm__forms_sections_settings}}": "ttm__forms_sections_settings",
  "{{ttm__forms_viewtypes}}": "ttm__forms_viewtypes",
  "{{ttm__search_buttons_tmp}}": "ttm__search_buttons_tmp",
  "{{ttm__search_catalog}}": "ttm__search_catalog",
  "{{ttm__search_settings}}": "ttm__search_settings",
  "{{ttm__tmp_change_tree_links}}": "ttm__tmp_change_tree_links",
  "{{ttm_form_params_tmp}}": "ttm_form_params_tmp"
}